year,month,number_of_persons,category,date
2015,1,157030.0,labor_force_total,2015-1
2015,2,156644.0,labor_force_total,2015-2
2015,3,156643.0,labor_force_total,2015-3
2015,4,157060.0,labor_force_total,2015-4
2015,5,157651.0,labor_force_total,2015-5
2015,6,157062.0,labor_force_total,2015-6
2015,7,156997.0,labor_force_total,2015-7
2015,8,157172.0,labor_force_total,2015-8
2015,9,156733.0,labor_force_total,2015-9
2015,10,157167.0,labor_force_total,2015-10
2015,11,157463.0,labor_force_total,2015-11
2015,12,158035.0,labor_force_total,2015-12
2016,1,158342.0,labor_force_total,2016-1
2016,2,158653.0,labor_force_total,2016-2
2016,3,159103.0,labor_force_total,2016-3
2016,4,158981.0,labor_force_total,2016-4
2016,5,158787.0,labor_force_total,2016-5
2016,6,158973.0,labor_force_total,2016-6
2016,7,159123.0,labor_force_total,2016-7
2016,8,159579.0,labor_force_total,2016-8
2016,9,159817.0,labor_force_total,2016-9
2016,10,159734.0,labor_force_total,2016-10
2016,11,159551.0,labor_force_total,2016-11
2016,12,159710.0,labor_force_total,2016-12
2017,1,159647.0,labor_force_total,2017-1
2017,2,159767.0,labor_force_total,2017-2
2017,3,160066.0,labor_force_total,2017-3
2017,4,160309.0,labor_force_total,2017-4
2017,5,160060.0,labor_force_total,2017-5
2017,6,160232.0,labor_force_total,2017-6
2017,7,160339.0,labor_force_total,2017-7
2017,8,160690.0,labor_force_total,2017-8
2017,9,161212.0,labor_force_total,2017-9
2017,10,160378.0,labor_force_total,2017-10
2017,11,160510.0,labor_force_total,2017-11
2017,12,160538.0,labor_force_total,2017-12
2018,1,161068.0,labor_force_total,2018-1
2018,2,161783.0,labor_force_total,2018-2
2018,3,161684.0,labor_force_total,2018-3
2018,4,161742.0,labor_force_total,2018-4
2018,5,161874.0,labor_force_total,2018-5
2018,6,162269.0,labor_force_total,2018-6
2018,7,162173.0,labor_force_total,2018-7
2018,8,161768.0,labor_force_total,2018-8
2018,9,162078.0,labor_force_total,2018-9
2018,10,162605.0,labor_force_total,2018-10
2018,11,162662.0,labor_force_total,2018-11
2018,12,163111.0,labor_force_total,2018-12
2019,1,163142.0,labor_force_total,2019-1
2019,2,163047.0,labor_force_total,2019-2
2019,3,162935.0,labor_force_total,2019-3
2019,4,162546.0,labor_force_total,2019-4
2019,5,162782.0,labor_force_total,2019-5
2019,6,163133.0,labor_force_total,2019-6
2019,7,163373.0,labor_force_total,2019-7
2019,8,163894.0,labor_force_total,2019-8
2019,9,164051.0,labor_force_total,2019-9
2019,10,164401.0,labor_force_total,2019-10
2019,11,164347.0,labor_force_total,2019-11
2019,12,164556.0,labor_force_total,2019-12
2020,1,164606.0,labor_force_total,2020-1
2020,2,164546.0,labor_force_total,2020-2
2020,3,162913.0,labor_force_total,2020-3
2020,4,156481.0,labor_force_total,2020-4
2020,5,158227.0,labor_force_total,2020-5
2015,1,83597.0,labor_force_men,2015-1
2015,2,83453.0,labor_force_men,2015-2
2015,3,83488.0,labor_force_men,2015-3
2015,4,83698.0,labor_force_men,2015-4
2015,5,83949.0,labor_force_men,2015-5
2015,6,83492.0,labor_force_men,2015-6
2015,7,83600.0,labor_force_men,2015-7
2015,8,83615.0,labor_force_men,2015-8
2015,9,83492.0,labor_force_men,2015-9
2015,10,83588.0,labor_force_men,2015-10
2015,11,83574.0,labor_force_men,2015-11
2015,12,83994.0,labor_force_men,2015-12
2016,1,84111.0,labor_force_men,2016-1
2016,2,84445.0,labor_force_men,2016-2
2016,3,84600.0,labor_force_men,2016-3
2016,4,84609.0,labor_force_men,2016-4
2016,5,84450.0,labor_force_men,2016-5
2016,6,84839.0,labor_force_men,2016-6
2016,7,84865.0,labor_force_men,2016-7
2016,8,85051.0,labor_force_men,2016-8
2016,9,85147.0,labor_force_men,2016-9
2016,10,85071.0,labor_force_men,2016-10
2016,11,84954.0,labor_force_men,2016-11
2016,12,85028.0,labor_force_men,2016-12
2017,1,84945.0,labor_force_men,2017-1
2017,2,84935.0,labor_force_men,2017-2
2017,3,84896.0,labor_force_men,2017-3
2017,4,85103.0,labor_force_men,2017-4
2017,5,84928.0,labor_force_men,2017-5
2017,6,85063.0,labor_force_men,2017-6
2017,7,84989.0,labor_force_men,2017-7
2017,8,85296.0,labor_force_men,2017-8
2017,9,85654.0,labor_force_men,2017-9
2017,10,85309.0,labor_force_men,2017-10
2017,11,85231.0,labor_force_men,2017-11
2017,12,85383.0,labor_force_men,2017-12
2018,1,85854.0,labor_force_men,2018-1
2018,2,86160.0,labor_force_men,2018-2
2018,3,86099.0,labor_force_men,2018-3
2018,4,86194.0,labor_force_men,2018-4
2018,5,86212.0,labor_force_men,2018-5
2018,6,86116.0,labor_force_men,2018-6
2018,7,85889.0,labor_force_men,2018-7
2018,8,85875.0,labor_force_men,2018-8
2018,9,85936.0,labor_force_men,2018-9
2018,10,86152.0,labor_force_men,2018-10
2018,11,86232.0,labor_force_men,2018-11
2018,12,86406.0,labor_force_men,2018-12
2019,1,86543.0,labor_force_men,2019-1
2019,2,86399.0,labor_force_men,2019-2
2019,3,86441.0,labor_force_men,2019-3
2019,4,86233.0,labor_force_men,2019-4
2019,5,86412.0,labor_force_men,2019-5
2019,6,86549.0,labor_force_men,2019-6
2019,7,86793.0,labor_force_men,2019-7
2019,8,86824.0,labor_force_men,2019-8
2019,9,86855.0,labor_force_men,2019-9
2019,10,86901.0,labor_force_men,2019-10
2019,11,87104.0,labor_force_men,2019-11
2019,12,87049.0,labor_force_men,2019-12
2020,1,87088.0,labor_force_men,2020-1
2020,2,87008.0,labor_force_men,2020-2
2020,3,86123.0,labor_force_men,2020-3
2020,4,83139.0,labor_force_men,2020-4
2020,5,83900.0,labor_force_men,2020-5
2015,1,73432.0,labor_force_women,2015-1
2015,2,73191.0,labor_force_women,2015-2
2015,3,73155.0,labor_force_women,2015-3
2015,4,73363.0,labor_force_women,2015-4
2015,5,73702.0,labor_force_women,2015-5
2015,6,73570.0,labor_force_women,2015-6
2015,7,73397.0,labor_force_women,2015-7
2015,8,73558.0,labor_force_women,2015-8
2015,9,73241.0,labor_force_women,2015-9
2015,10,73579.0,labor_force_women,2015-10
2015,11,73889.0,labor_force_women,2015-11
2015,12,74041.0,labor_force_women,2015-12
2016,1,74231.0,labor_force_women,2016-1
2016,2,74208.0,labor_force_women,2016-2
2016,3,74503.0,labor_force_women,2016-3
2016,4,74372.0,labor_force_women,2016-4
2016,5,74336.0,labor_force_women,2016-5
2016,6,74134.0,labor_force_women,2016-6
2016,7,74258.0,labor_force_women,2016-7
2016,8,74527.0,labor_force_women,2016-8
2016,9,74670.0,labor_force_women,2016-9
2016,10,74663.0,labor_force_women,2016-10
2016,11,74597.0,labor_force_women,2016-11
2016,12,74682.0,labor_force_women,2016-12
2017,1,74702.0,labor_force_women,2017-1
2017,2,74832.0,labor_force_women,2017-2
2017,3,75170.0,labor_force_women,2017-3
2017,4,75206.0,labor_force_women,2017-4
2017,5,75131.0,labor_force_women,2017-5
2017,6,75169.0,labor_force_women,2017-6
2017,7,75350.0,labor_force_women,2017-7
2017,8,75394.0,labor_force_women,2017-8
2017,9,75558.0,labor_force_women,2017-9
2017,10,75070.0,labor_force_women,2017-10
2017,11,75278.0,labor_force_women,2017-11
2017,12,75155.0,labor_force_women,2017-12
2018,1,75214.0,labor_force_women,2018-1
2018,2,75623.0,labor_force_women,2018-2
2018,3,75585.0,labor_force_women,2018-3
2018,4,75549.0,labor_force_women,2018-4
2018,5,75662.0,labor_force_women,2018-5
2018,6,76153.0,labor_force_women,2018-6
2018,7,76284.0,labor_force_women,2018-7
2018,8,75893.0,labor_force_women,2018-8
2018,9,76142.0,labor_force_women,2018-9
2018,10,76453.0,labor_force_women,2018-10
2018,11,76430.0,labor_force_women,2018-11
2018,12,76705.0,labor_force_women,2018-12
2019,1,76600.0,labor_force_women,2019-1
2019,2,76648.0,labor_force_women,2019-2
2019,3,76494.0,labor_force_women,2019-3
2019,4,76313.0,labor_force_women,2019-4
2019,5,76370.0,labor_force_women,2019-5
2019,6,76584.0,labor_force_women,2019-6
2019,7,76580.0,labor_force_women,2019-7
2019,8,77070.0,labor_force_women,2019-8
2019,9,77195.0,labor_force_women,2019-9
2019,10,77500.0,labor_force_women,2019-10
2019,11,77243.0,labor_force_women,2019-11
2019,12,77507.0,labor_force_women,2019-12
2020,1,77518.0,labor_force_women,2020-1
2020,2,77538.0,labor_force_women,2020-2
2020,3,76790.0,labor_force_women,2020-3
2020,4,73343.0,labor_force_women,2020-4
2020,5,74327.0,labor_force_women,2020-5
2015,1,8885.0,unemployment_total,2015-1
2015,2,8599.0,unemployment_total,2015-2
2015,3,8515.0,unemployment_total,2015-3
2015,4,8550.0,unemployment_total,2015-4
2015,5,8834.0,unemployment_total,2015-5
2015,6,8247.0,unemployment_total,2015-6
2015,7,8167.0,unemployment_total,2015-7
2015,8,7992.0,unemployment_total,2015-8
2015,9,7907.0,unemployment_total,2015-9
2015,10,7922.0,unemployment_total,2015-10
2015,11,8000.0,unemployment_total,2015-11
2015,12,7907.0,unemployment_total,2015-12
2016,1,7721.0,unemployment_total,2016-1
2016,2,7746.0,unemployment_total,2016-2
2016,3,7945.0,unemployment_total,2016-3
2016,4,7975.0,unemployment_total,2016-4
2016,5,7668.0,unemployment_total,2016-5
2016,6,7786.0,unemployment_total,2016-6
2016,7,7658.0,unemployment_total,2016-7
2016,8,7809.0,unemployment_total,2016-8
2016,9,7967.0,unemployment_total,2016-9
2016,10,7827.0,unemployment_total,2016-10
2016,11,7488.0,unemployment_total,2016-11
2016,12,7495.0,unemployment_total,2016-12
2017,1,7518.0,unemployment_total,2017-1
2017,2,7399.0,unemployment_total,2017-2
2017,3,7088.0,unemployment_total,2017-3
2017,4,7085.0,unemployment_total,2017-4
2017,5,7059.0,unemployment_total,2017-5
2017,6,6933.0,unemployment_total,2017-6
2017,7,6867.0,unemployment_total,2017-7
2017,8,7097.0,unemployment_total,2017-8
2017,9,6841.0,unemployment_total,2017-9
2017,10,6599.0,unemployment_total,2017-10
2017,11,6697.0,unemployment_total,2017-11
2017,12,6561.0,unemployment_total,2017-12
2018,1,6582.0,unemployment_total,2018-1
2018,2,6641.0,unemployment_total,2018-2
2018,3,6493.0,unemployment_total,2018-3
2018,4,6418.0,unemployment_total,2018-4
2018,5,6209.0,unemployment_total,2018-5
2018,6,6519.0,unemployment_total,2018-6
2018,7,6180.0,unemployment_total,2018-7
2018,8,6167.0,unemployment_total,2018-8
2018,9,6045.0,unemployment_total,2018-9
2018,10,6123.0,unemployment_total,2018-10
2018,11,6034.0,unemployment_total,2018-11
2018,12,6286.0,unemployment_total,2018-12
2019,1,6516.0,unemployment_total,2019-1
2019,2,6181.0,unemployment_total,2019-2
2019,3,6194.0,unemployment_total,2019-3
2019,4,5850.0,unemployment_total,2019-4
2019,5,5938.0,unemployment_total,2019-5
2019,6,5985.0,unemployment_total,2019-6
2019,7,6027.0,unemployment_total,2019-7
2019,8,5999.0,unemployment_total,2019-8
2019,9,5753.0,unemployment_total,2019-9
2019,10,5857.0,unemployment_total,2019-10
2019,11,5811.0,unemployment_total,2019-11
2019,12,5753.0,unemployment_total,2019-12
2020,1,5892.0,unemployment_total,2020-1
2020,2,5787.0,unemployment_total,2020-2
2020,3,7140.0,unemployment_total,2020-3
2020,4,23078.0,unemployment_total,2020-4
2020,5,20985.0,unemployment_total,2020-5
2015,1,4863.0,men,2015-1
2015,2,4691.0,men,2015-2
2015,3,4647.0,men,2015-3
2015,4,4604.0,men,2015-4
2015,5,4794.0,men,2015-5
2015,6,4464.0,men,2015-6
2015,7,4349.0,men,2015-7
2015,8,4287.0,men,2015-8
2015,9,4252.0,men,2015-9
2015,10,4242.0,men,2015-10
2015,11,4339.0,men,2015-11
2015,12,4280.0,men,2015-12
2016,1,4093.0,men,2016-1
2016,2,4153.0,men,2016-2
2016,3,4198.0,men,2016-3
2016,4,4245.0,men,2016-4
2016,5,4105.0,men,2016-5
2016,6,4204.0,men,2016-6
2016,7,4261.0,men,2016-7
2016,8,4241.0,men,2016-8
2016,9,4333.0,men,2016-9
2016,10,4292.0,men,2016-10
2016,11,4089.0,men,2016-11
2016,12,4081.0,men,2016-12
2017,1,4005.0,men,2017-1
2017,2,3982.0,men,2017-2
2017,3,3870.0,men,2017-3
2017,4,3711.0,men,2017-4
2017,5,3693.0,men,2017-5
2017,6,3701.0,men,2017-6
2017,7,3690.0,men,2017-7
2017,8,3834.0,men,2017-8
2017,9,3659.0,men,2017-9
2017,10,3597.0,men,2017-10
2017,11,3622.0,men,2017-11
2017,12,3505.0,men,2017-12
2018,1,3591.0,men,2018-1
2018,2,3548.0,men,2018-2
2018,3,3493.0,men,2018-3
2018,4,3543.0,men,2018-4
2018,5,3455.0,men,2018-5
2018,6,3538.0,men,2018-6
2018,7,3235.0,men,2018-7
2018,8,3291.0,men,2018-8
2018,9,3243.0,men,2018-9
2018,10,3247.0,men,2018-10
2018,11,3137.0,men,2018-11
2018,12,3390.0,men,2018-12
2019,1,3530.0,men,2019-1
2019,2,3333.0,men,2019-2
2019,3,3394.0,men,2019-3
2019,4,3234.0,men,2019-4
2019,5,3199.0,men,2019-5
2019,6,3191.0,men,2019-6
2019,7,3204.0,men,2019-7
2019,8,3210.0,men,2019-8
2019,9,3109.0,men,2019-9
2019,10,3126.0,men,2019-10
2019,11,3086.0,men,2019-11
2019,12,3015.0,men,2019-12
2020,1,3147.0,men,2020-1
2020,2,3137.0,men,2020-2
2020,3,3765.0,men,2020-3
2020,4,11223.0,men,2020-4
2020,5,10199.0,men,2020-5
2015,1,4022.0,women,2015-1
2015,2,3908.0,women,2015-2
2015,3,3868.0,women,2015-3
2015,4,3945.0,women,2015-4
2015,5,4040.0,women,2015-5
2015,6,3783.0,women,2015-6
2015,7,3818.0,women,2015-7
2015,8,3705.0,women,2015-8
2015,9,3655.0,women,2015-9
2015,10,3680.0,women,2015-10
2015,11,3661.0,women,2015-11
2015,12,3628.0,women,2015-12
2016,1,3628.0,women,2016-1
2016,2,3593.0,women,2016-2
2016,3,3747.0,women,2016-3
2016,4,3730.0,women,2016-4
2016,5,3562.0,women,2016-5
2016,6,3581.0,women,2016-6
2016,7,3398.0,women,2016-7
2016,8,3568.0,women,2016-8
2016,9,3634.0,women,2016-9
2016,10,3535.0,women,2016-10
2016,11,3400.0,women,2016-11
2016,12,3414.0,women,2016-12
2017,1,3513.0,women,2017-1
2017,2,3416.0,women,2017-2
2017,3,3218.0,women,2017-3
2017,4,3374.0,women,2017-4
2017,5,3366.0,women,2017-5
2017,6,3232.0,women,2017-6
2017,7,3178.0,women,2017-7
2017,8,3262.0,women,2017-8
2017,9,3181.0,women,2017-9
2017,10,3002.0,women,2017-10
2017,11,3075.0,women,2017-11
2017,12,3056.0,women,2017-12
2018,1,2991.0,women,2018-1
2018,2,3093.0,women,2018-2
2018,3,3000.0,women,2018-3
2018,4,2875.0,women,2018-4
2018,5,2754.0,women,2018-5
2018,6,2981.0,women,2018-6
2018,7,2945.0,women,2018-7
2018,8,2876.0,women,2018-8
2018,9,2802.0,women,2018-9
2018,10,2876.0,women,2018-10
2018,11,2897.0,women,2018-11
2018,12,2896.0,women,2018-12
2019,1,2985.0,women,2019-1
2019,2,2848.0,women,2019-2
2019,3,2799.0,women,2019-3
2019,4,2616.0,women,2019-4
2019,5,2739.0,women,2019-5
2019,6,2793.0,women,2019-6
2019,7,2823.0,women,2019-7
2019,8,2788.0,women,2019-8
2019,9,2644.0,women,2019-9
2019,10,2731.0,women,2019-10
2019,11,2725.0,women,2019-11
2019,12,2738.0,women,2019-12
2020,1,2744.0,women,2020-1
2020,2,2651.0,women,2020-2
2020,3,3375.0,women,2020-3
2020,4,11855.0,women,2020-4
2020,5,10787.0,women,2020-5
2015,1,6023.0,caucasian,2015-1
2015,2,5853.0,caucasian,2015-2
2015,3,5878.0,caucasian,2015-3
2015,4,5824.0,caucasian,2015-4
2015,5,5947.0,caucasian,2015-5
2015,6,5643.0,caucasian,2015-6
2015,7,5608.0,caucasian,2015-7
2015,8,5414.0,caucasian,2015-8
2015,9,5367.0,caucasian,2015-9
2015,10,5417.0,caucasian,2015-10
2015,11,5456.0,caucasian,2015-11
2015,12,5462.0,caucasian,2015-12
2016,1,5258.0,caucasian,2016-1
2016,2,5292.0,caucasian,2016-2
2016,3,5418.0,caucasian,2016-3
2016,4,5448.0,caucasian,2016-4
2016,5,5252.0,caucasian,2016-5
2016,6,5359.0,caucasian,2016-6
2016,7,5245.0,caucasian,2016-7
2016,8,5412.0,caucasian,2016-8
2016,9,5465.0,caucasian,2016-9
2016,10,5460.0,caucasian,2016-10
2016,11,5286.0,caucasian,2016-11
2016,12,5265.0,caucasian,2016-12
2017,1,5262.0,caucasian,2017-1
2017,2,5043.0,caucasian,2017-2
2017,3,4880.0,caucasian,2017-3
2017,4,4825.0,caucasian,2017-4
2017,5,4717.0,caucasian,2017-5
2017,6,4699.0,caucasian,2017-6
2017,7,4593.0,caucasian,2017-7
2017,8,4770.0,caucasian,2017-8
2017,9,4671.0,caucasian,2017-9
2017,10,4417.0,caucasian,2017-10
2017,11,4605.0,caucasian,2017-11
2017,12,4616.0,caucasian,2017-12
2018,1,4380.0,caucasian,2018-1
2018,2,4657.0,caucasian,2018-2
2018,3,4478.0,caucasian,2018-3
2018,4,4486.0,caucasian,2018-4
2018,5,4429.0,caucasian,2018-5
2018,6,4412.0,caucasian,2018-6
2018,7,4186.0,caucasian,2018-7
2018,8,4239.0,caucasian,2018-8
2018,9,4109.0,caucasian,2018-9
2018,10,4182.0,caucasian,2018-10
2018,11,4277.0,caucasian,2018-11
2018,12,4337.0,caucasian,2018-12
2019,1,4448.0,caucasian,2019-1
2019,2,4157.0,caucasian,2019-2
2019,3,4286.0,caucasian,2019-3
2019,4,3947.0,caucasian,2019-4
2019,5,4121.0,caucasian,2019-5
2019,6,4120.0,caucasian,2019-6
2019,7,4185.0,caucasian,2019-7
2019,8,4286.0,caucasian,2019-8
2019,9,4063.0,caucasian,2019-9
2019,10,4094.0,caucasian,2019-10
2019,11,4115.0,caucasian,2019-11
2019,12,4022.0,caucasian,2019-12
2020,1,3957.0,caucasian,2020-1
2020,2,3957.0,caucasian,2020-2
2020,3,4979.0,caucasian,2020-3
2020,4,17176.0,caucasian,2020-4
2020,5,15162.0,caucasian,2020-5
2015,1,1951.0,african_american,2015-1
2015,2,1923.0,african_american,2015-2
2015,3,1885.0,african_american,2015-3
2015,4,1889.0,african_american,2015-4
2015,5,1999.0,african_american,2015-5
2015,6,1875.0,african_american,2015-6
2015,7,1760.0,african_american,2015-7
2015,8,1819.0,african_american,2015-8
2015,9,1806.0,african_american,2015-9
2015,10,1741.0,african_american,2015-10
2015,11,1830.0,african_american,2015-11
2015,12,1656.0,african_american,2015-12
2016,1,1688.0,african_american,2016-1
2016,2,1663.0,african_american,2016-2
2016,3,1736.0,african_american,2016-3
2016,4,1720.0,african_american,2016-4
2016,5,1599.0,african_american,2016-5
2016,6,1716.0,african_american,2016-6
2016,7,1647.0,african_american,2016-7
2016,8,1591.0,african_american,2016-8
2016,9,1690.0,african_american,2016-9
2016,10,1654.0,african_american,2016-10
2016,11,1610.0,african_american,2016-11
2016,12,1566.0,african_american,2016-12
2017,1,1494.0,african_american,2017-1
2017,2,1575.0,african_american,2017-2
2017,3,1579.0,african_american,2017-3
2017,4,1581.0,african_american,2017-4
2017,5,1539.0,african_american,2017-5
2017,6,1425.0,african_american,2017-6
2017,7,1495.0,african_american,2017-7
2017,8,1538.0,african_american,2017-8
2017,9,1462.0,african_american,2017-9
2017,10,1488.0,african_american,2017-10
2017,11,1506.0,african_american,2017-11
2017,12,1345.0,african_american,2017-12
2018,1,1503.0,african_american,2018-1
2018,2,1367.0,african_american,2018-2
2018,3,1389.0,african_american,2018-3
2018,4,1298.0,african_american,2018-4
2018,5,1195.0,african_american,2018-5
2018,6,1331.0,african_american,2018-6
2018,7,1357.0,african_american,2018-7
2018,8,1293.0,african_american,2018-8
2018,9,1276.0,african_american,2018-9
2018,10,1299.0,african_american,2018-10
2018,11,1244.0,african_american,2018-11
2018,12,1340.0,african_american,2018-12
2019,1,1404.0,african_american,2019-1
2019,2,1417.0,african_american,2019-2
2019,3,1344.0,african_american,2019-3
2019,4,1352.0,african_american,2019-4
2019,5,1265.0,african_american,2019-5
2019,6,1223.0,african_american,2019-6
2019,7,1220.0,african_american,2019-7
2019,8,1119.0,african_american,2019-8
2019,9,1135.0,african_american,2019-9
2019,10,1133.0,african_american,2019-10
2019,11,1148.0,african_american,2019-11
2019,12,1238.0,african_american,2019-12
2020,1,1241.0,african_american,2020-1
2020,2,1216.0,african_american,2020-2
2020,3,1387.0,african_american,2020-3
2020,4,3247.0,african_american,2020-4
2020,5,3334.0,african_american,2020-5
2015,1,1745.0,hispanic,2015-1
2015,2,1758.0,hispanic,2015-2
2015,3,1761.0,hispanic,2015-3
2015,4,1790.0,hispanic,2015-4
2015,5,1779.0,hispanic,2015-5
2015,6,1767.0,hispanic,2015-6
2015,7,1800.0,hispanic,2015-7
2015,8,1732.0,hispanic,2015-8
2015,9,1622.0,hispanic,2015-9
2015,10,1661.0,hispanic,2015-10
2015,11,1674.0,hispanic,2015-11
2015,12,1628.0,hispanic,2015-12
2016,1,1533.0,hispanic,2016-1
2016,2,1446.0,hispanic,2016-2
2016,3,1472.0,hispanic,2016-3
2016,4,1634.0,hispanic,2016-4
2016,5,1495.0,hispanic,2016-5
2016,6,1583.0,hispanic,2016-6
2016,7,1460.0,hispanic,2016-7
2016,8,1522.0,hispanic,2016-8
2016,9,1739.0,hispanic,2016-9
2016,10,1552.0,hispanic,2016-10
2016,11,1551.0,hispanic,2016-11
2016,12,1592.0,hispanic,2016-12
2017,1,1564.0,hispanic,2017-1
2017,2,1511.0,hispanic,2017-2
2017,3,1367.0,hispanic,2017-3
2017,4,1398.0,hispanic,2017-4
2017,5,1403.0,hispanic,2017-5
2017,6,1327.0,hispanic,2017-6
2017,7,1415.0,hispanic,2017-7
2017,8,1409.0,hispanic,2017-8
2017,9,1415.0,hispanic,2017-9
2017,10,1331.0,hispanic,2017-10
2017,11,1310.0,hispanic,2017-11
2017,12,1364.0,hispanic,2017-12
2018,1,1380.0,hispanic,2018-1
2018,2,1375.0,hispanic,2018-2
2018,3,1401.0,hispanic,2018-3
2018,4,1363.0,hispanic,2018-4
2018,5,1380.0,hispanic,2018-5
2018,6,1291.0,hispanic,2018-6
2018,7,1264.0,hispanic,2018-7
2018,8,1318.0,hispanic,2018-8
2018,9,1299.0,hispanic,2018-9
2018,10,1249.0,hispanic,2018-10
2018,11,1297.0,hispanic,2018-11
2018,12,1268.0,hispanic,2018-12
2019,1,1400.0,hispanic,2019-1
2019,2,1248.0,hispanic,2019-2
2019,3,1357.0,hispanic,2019-3
2019,4,1198.0,hispanic,2019-4
2019,5,1197.0,hispanic,2019-5
2019,6,1252.0,hispanic,2019-6
2019,7,1305.0,hispanic,2019-7
2019,8,1213.0,hispanic,2019-8
2019,9,1137.0,hispanic,2019-9
2019,10,1203.0,hispanic,2019-10
2019,11,1236.0,hispanic,2019-11
2019,12,1231.0,hispanic,2019-12
2020,1,1275.0,hispanic,2020-1
2020,2,1322.0,hispanic,2020-2
2020,3,1771.0,hispanic,2020-3
2020,4,5263.0,hispanic,2020-4
2020,5,4977.0,hispanic,2020-5
2015,1,1073.0,16-19,2015-1
2015,2,967.0,16-19,2015-2
2015,3,1010.0,16-19,2015-3
2015,4,987.0,16-19,2015-4
2015,5,1037.0,16-19,2015-5
2015,6,1018.0,16-19,2015-6
2015,7,920.0,16-19,2015-7
2015,8,949.0,16-19,2015-8
2015,9,925.0,16-19,2015-9
2015,10,894.0,16-19,2015-10
2015,11,862.0,16-19,2015-11
2015,12,950.0,16-19,2015-12
2016,1,916.0,16-19,2016-1
2016,2,893.0,16-19,2016-2
2016,3,936.0,16-19,2016-3
2016,4,942.0,16-19,2016-4
2016,5,945.0,16-19,2016-5
2016,6,927.0,16-19,2016-6
2016,7,930.0,16-19,2016-7
2016,8,957.0,16-19,2016-8
2016,9,972.0,16-19,2016-9
2016,10,931.0,16-19,2016-10
2016,11,881.0,16-19,2016-11
2016,12,849.0,16-19,2016-12
2017,1,862.0,16-19,2017-1
2017,2,844.0,16-19,2017-2
2017,3,814.0,16-19,2017-3
2017,4,885.0,16-19,2017-4
2017,5,832.0,16-19,2017-5
2017,6,801.0,16-19,2017-6
2017,7,769.0,16-19,2017-7
2017,8,828.0,16-19,2017-8
2017,9,793.0,16-19,2017-9
2017,10,815.0,16-19,2017-10
2017,11,940.0,16-19,2017-11
2017,12,788.0,16-19,2017-12
2018,1,815.0,16-19,2018-1
2018,2,849.0,16-19,2018-2
2018,3,793.0,16-19,2018-3
2018,4,752.0,16-19,2018-4
2018,5,750.0,16-19,2018-5
2018,6,739.0,16-19,2018-6
2018,7,764.0,16-19,2018-7
2018,8,715.0,16-19,2018-8
2018,9,742.0,16-19,2018-9
2018,10,725.0,16-19,2018-10
2018,11,729.0,16-19,2018-11
2018,12,750.0,16-19,2018-12
2019,1,765.0,16-19,2019-1
2019,2,773.0,16-19,2019-2
2019,3,747.0,16-19,2019-3
2019,4,734.0,16-19,2019-4
2019,5,730.0,16-19,2019-5
2019,6,751.0,16-19,2019-6
2019,7,767.0,16-19,2019-7
2019,8,742.0,16-19,2019-8
2019,9,735.0,16-19,2019-9
2019,10,730.0,16-19,2019-10
2019,11,721.0,16-19,2019-11
2019,12,752.0,16-19,2019-12
2020,1,734.0,16-19,2020-1
2020,2,665.0,16-19,2020-2
2020,3,843.0,16-19,2020-3
2020,4,1628.0,16-19,2020-4
2020,5,1681.0,16-19,2020-5
2015,1,1486.0,20-24,2015-1
2015,2,1557.0,20-24,2015-2
2015,3,1642.0,20-24,2015-3
2015,4,1493.0,20-24,2015-4
2015,5,1605.0,20-24,2015-5
2015,6,1517.0,20-24,2015-6
2015,7,1511.0,20-24,2015-7
2015,8,1426.0,20-24,2015-8
2015,9,1422.0,20-24,2015-9
2015,10,1424.0,20-24,2015-10
2015,11,1507.0,20-24,2015-11
2015,12,1425.0,20-24,2015-12
2016,1,1191.0,20-24,2016-1
2016,2,1329.0,20-24,2016-2
2016,3,1354.0,20-24,2016-3
2016,4,1394.0,20-24,2016-4
2016,5,1286.0,20-24,2016-5
2016,6,1314.0,20-24,2016-6
2016,7,1329.0,20-24,2016-7
2016,8,1271.0,20-24,2016-8
2016,9,1247.0,20-24,2016-9
2016,10,1267.0,20-24,2016-10
2016,11,1244.0,20-24,2016-11
2016,12,1230.0,20-24,2016-12
2017,1,1205.0,20-24,2017-1
2017,2,1227.0,20-24,2017-2
2017,3,1141.0,20-24,2017-3
2017,4,1141.0,20-24,2017-4
2017,5,1009.0,20-24,2017-5
2017,6,1122.0,20-24,2017-6
2017,7,1116.0,20-24,2017-7
2017,8,1112.0,20-24,2017-8
2017,9,1169.0,20-24,2017-9
2017,10,1102.0,20-24,2017-10
2017,11,1108.0,20-24,2017-11
2017,12,1055.0,20-24,2017-12
2018,1,1087.0,20-24,2018-1
2018,2,1035.0,20-24,2018-2
2018,3,1025.0,20-24,2018-3
2018,4,1033.0,20-24,2018-4
2018,5,1061.0,20-24,2018-5
2018,6,1136.0,20-24,2018-6
2018,7,1034.0,20-24,2018-7
2018,8,1013.0,20-24,2018-8
2018,9,1049.0,20-24,2018-9
2018,10,1017.0,20-24,2018-10
2018,11,990.0,20-24,2018-11
2018,12,1074.0,20-24,2018-12
2019,1,1127.0,20-24,2019-1
2019,2,1085.0,20-24,2019-2
2019,3,1097.0,20-24,2019-3
2019,4,989.0,20-24,2019-4
2019,5,1076.0,20-24,2019-5
2019,6,956.0,20-24,2019-6
2019,7,1027.0,20-24,2019-7
2019,8,1068.0,20-24,2019-8
2019,9,964.0,20-24,2019-9
2019,10,945.0,20-24,2019-10
2019,11,972.0,20-24,2019-11
2019,12,958.0,20-24,2019-12
2020,1,1012.0,20-24,2020-1
2020,2,972.0,20-24,2020-2
2020,3,1281.0,20-24,2020-3
2020,4,3466.0,20-24,2020-4
2020,5,3207.0,20-24,2020-5
2015,1,2024.0,25-34,2015-1
2015,2,1864.0,25-34,2015-2
2015,3,1981.0,25-34,2015-3
2015,4,2014.0,25-34,2015-4
2015,5,2019.0,25-34,2015-5
2015,6,1930.0,25-34,2015-6
2015,7,1886.0,25-34,2015-7
2015,8,1761.0,25-34,2015-8
2015,9,1780.0,25-34,2015-9
2015,10,1825.0,25-34,2015-10
2015,11,1914.0,25-34,2015-11
2015,12,1851.0,25-34,2015-12
2016,1,1781.0,25-34,2016-1
2016,2,1756.0,25-34,2016-2
2016,3,1841.0,25-34,2016-3
2016,4,1838.0,25-34,2016-4
2016,5,1811.0,25-34,2016-5
2016,6,1846.0,25-34,2016-6
2016,7,1800.0,25-34,2016-7
2016,8,1807.0,25-34,2016-8
2016,9,1887.0,25-34,2016-9
2016,10,1816.0,25-34,2016-10
2016,11,1728.0,25-34,2016-11
2016,12,1682.0,25-34,2016-12
2017,1,1762.0,25-34,2017-1
2017,2,1687.0,25-34,2017-2
2017,3,1622.0,25-34,2017-3
2017,4,1571.0,25-34,2017-4
2017,5,1779.0,25-34,2017-5
2017,6,1573.0,25-34,2017-6
2017,7,1669.0,25-34,2017-7
2017,8,1715.0,25-34,2017-8
2017,9,1622.0,25-34,2017-9
2017,10,1595.0,25-34,2017-10
2017,11,1550.0,25-34,2017-11
2017,12,1595.0,25-34,2017-12
2018,1,1558.0,25-34,2018-1
2018,2,1554.0,25-34,2018-2
2018,3,1499.0,25-34,2018-3
2018,4,1597.0,25-34,2018-4
2018,5,1430.0,25-34,2018-5
2018,6,1435.0,25-34,2018-6
2018,7,1299.0,25-34,2018-7
2018,8,1495.0,25-34,2018-8
2018,9,1328.0,25-34,2018-9
2018,10,1358.0,25-34,2018-10
2018,11,1364.0,25-34,2018-11
2018,12,1460.0,25-34,2018-12
2019,1,1462.0,25-34,2019-1
2019,2,1480.0,25-34,2019-2
2019,3,1471.0,25-34,2019-3
2019,4,1422.0,25-34,2019-4
2019,5,1304.0,25-34,2019-5
2019,6,1328.0,25-34,2019-6
2019,7,1377.0,25-34,2019-7
2019,8,1342.0,25-34,2019-8
2019,9,1331.0,25-34,2019-9
2019,10,1394.0,25-34,2019-10
2019,11,1339.0,25-34,2019-11
2019,12,1344.0,25-34,2019-12
2020,1,1397.0,25-34,2020-1
2020,2,1371.0,25-34,2020-2
2020,3,1534.0,25-34,2020-3
2020,4,5176.0,25-34,2020-4
2020,5,4857.0,25-34,2020-5
2015,1,1425.0,35-44,2015-1
2015,2,1431.0,35-44,2015-2
2015,3,1333.0,35-44,2015-3
2015,4,1405.0,35-44,2015-4
2015,5,1455.0,35-44,2015-5
2015,6,1295.0,35-44,2015-6
2015,7,1340.0,35-44,2015-7
2015,8,1251.0,35-44,2015-8
2015,9,1307.0,35-44,2015-9
2015,10,1346.0,35-44,2015-10
2015,11,1299.0,35-44,2015-11
2015,12,1310.0,35-44,2015-12
2016,1,1284.0,35-44,2016-1
2016,2,1226.0,35-44,2016-2
2016,3,1243.0,35-44,2016-3
2016,4,1322.0,35-44,2016-4
2016,5,1180.0,35-44,2016-5
2016,6,1251.0,35-44,2016-6
2016,7,1142.0,35-44,2016-7
2016,8,1313.0,35-44,2016-8
2016,9,1375.0,35-44,2016-9
2016,10,1293.0,35-44,2016-10
2016,11,1175.0,35-44,2016-11
2016,12,1308.0,35-44,2016-12
2017,1,1284.0,35-44,2017-1
2017,2,1335.0,35-44,2017-2
2017,3,1252.0,35-44,2017-3
2017,4,1195.0,35-44,2017-4
2017,5,1140.0,35-44,2017-5
2017,6,1110.0,35-44,2017-6
2017,7,1168.0,35-44,2017-7
2017,8,1097.0,35-44,2017-8
2017,9,1048.0,35-44,2017-9
2017,10,1003.0,35-44,2017-10
2017,11,1029.0,35-44,2017-11
2017,12,999.0,35-44,2017-12
2018,1,1022.0,35-44,2018-1
2018,2,1048.0,35-44,2018-2
2018,3,1057.0,35-44,2018-3
2018,4,1003.0,35-44,2018-4
2018,5,975.0,35-44,2018-5
2018,6,1044.0,35-44,2018-6
2018,7,1007.0,35-44,2018-7
2018,8,952.0,35-44,2018-8
2018,9,987.0,35-44,2018-9
2018,10,1008.0,35-44,2018-10
2018,11,975.0,35-44,2018-11
2018,12,935.0,35-44,2018-12
2019,1,981.0,35-44,2019-1
2019,2,890.0,35-44,2019-2
2019,3,931.0,35-44,2019-3
2019,4,898.0,35-44,2019-4
2019,5,909.0,35-44,2019-5
2019,6,948.0,35-44,2019-6
2019,7,958.0,35-44,2019-7
2019,8,937.0,35-44,2019-8
2019,9,892.0,35-44,2019-9
2019,10,905.0,35-44,2019-10
2019,11,930.0,35-44,2019-11
2019,12,947.0,35-44,2019-12
2020,1,946.0,35-44,2020-1
2020,2,955.0,35-44,2020-2
2020,3,1157.0,35-44,2020-3
2020,4,3849.0,35-44,2020-4
2020,5,3414.0,35-44,2020-5
2015,1,1418.0,45-54,2015-1
2015,2,1333.0,45-54,2015-2
2015,3,1264.0,45-54,2015-3
2015,4,1317.0,45-54,2015-4
2015,5,1316.0,45-54,2015-5
2015,6,1167.0,45-54,2015-6
2015,7,1254.0,45-54,2015-7
2015,8,1253.0,45-54,2015-8
2015,9,1137.0,45-54,2015-9
2015,10,1236.0,45-54,2015-10
2015,11,1149.0,45-54,2015-11
2015,12,1239.0,45-54,2015-12
2016,1,1217.0,45-54,2016-1
2016,2,1213.0,45-54,2016-2
2016,3,1227.0,45-54,2016-3
2016,4,1223.0,45-54,2016-4
2016,5,1154.0,45-54,2016-5
2016,6,1155.0,45-54,2016-6
2016,7,1166.0,45-54,2016-7
2016,8,1174.0,45-54,2016-8
2016,9,1221.0,45-54,2016-9
2016,10,1184.0,45-54,2016-10
2016,11,1219.0,45-54,2016-11
2016,12,1133.0,45-54,2016-12
2017,1,1111.0,45-54,2017-1
2017,2,1080.0,45-54,2017-2
2017,3,1072.0,45-54,2017-3
2017,4,1165.0,45-54,2017-4
2017,5,1099.0,45-54,2017-5
2017,6,1166.0,45-54,2017-6
2017,7,1052.0,45-54,2017-7
2017,8,1157.0,45-54,2017-8
2017,9,1038.0,45-54,2017-9
2017,10,932.0,45-54,2017-10
2017,11,936.0,45-54,2017-11
2017,12,914.0,45-54,2017-12
2018,1,999.0,45-54,2018-1
2018,2,976.0,45-54,2018-2
2018,3,962.0,45-54,2018-3
2018,4,942.0,45-54,2018-4
2018,5,909.0,45-54,2018-5
2018,6,990.0,45-54,2018-6
2018,7,953.0,45-54,2018-7
2018,8,838.0,45-54,2018-8
2018,9,879.0,45-54,2018-9
2018,10,933.0,45-54,2018-10
2018,11,890.0,45-54,2018-11
2018,12,970.0,45-54,2018-12
2019,1,975.0,45-54,2019-1
2019,2,940.0,45-54,2019-2
2019,3,947.0,45-54,2019-3
2019,4,836.0,45-54,2019-4
2019,5,843.0,45-54,2019-5
2019,6,875.0,45-54,2019-6
2019,7,885.0,45-54,2019-7
2019,8,906.0,45-54,2019-8
2019,9,903.0,45-54,2019-9
2019,10,859.0,45-54,2019-10
2019,11,842.0,45-54,2019-11
2019,12,842.0,45-54,2019-12
2020,1,811.0,45-54,2020-1
2020,2,827.0,45-54,2020-2
2020,3,1034.0,45-54,2020-3
2020,4,3884.0,45-54,2020-4
2020,5,3436.0,45-54,2020-5
2015,1,1425.0,55_and_over,2015-1
2015,2,1448.0,55_and_over,2015-2
2015,3,1337.0,55_and_over,2015-3
2015,4,1385.0,55_and_over,2015-4
2015,5,1315.0,55_and_over,2015-5
2015,6,1279.0,55_and_over,2015-6
2015,7,1272.0,55_and_over,2015-7
2015,8,1319.0,55_and_over,2015-8
2015,9,1334.0,55_and_over,2015-9
2015,10,1220.0,55_and_over,2015-10
2015,11,1312.0,55_and_over,2015-11
2015,12,1111.0,55_and_over,2015-12
2016,1,1304.0,55_and_over,2016-1
2016,2,1338.0,55_and_over,2016-2
2016,3,1388.0,55_and_over,2016-3
2016,4,1315.0,55_and_over,2016-4
2016,5,1208.0,55_and_over,2016-5
2016,6,1262.0,55_and_over,2016-6
2016,7,1313.0,55_and_over,2016-7
2016,8,1259.0,55_and_over,2016-8
2016,9,1281.0,55_and_over,2016-9
2016,10,1340.0,55_and_over,2016-10
2016,11,1269.0,55_and_over,2016-11
2016,12,1269.0,55_and_over,2016-12
2017,1,1265.0,55_and_over,2017-1
2017,2,1229.0,55_and_over,2017-2
2017,3,1216.0,55_and_over,2017-3
2017,4,1169.0,55_and_over,2017-4
2017,5,1132.0,55_and_over,2017-5
2017,6,1146.0,55_and_over,2017-6
2017,7,1148.0,55_and_over,2017-7
2017,8,1154.0,55_and_over,2017-8
2017,9,1182.0,55_and_over,2017-9
2017,10,1134.0,55_and_over,2017-10
2017,11,1137.0,55_and_over,2017-11
2017,12,1203.0,55_and_over,2017-12
2018,1,1102.0,55_and_over,2018-1
2018,2,1197.0,55_and_over,2018-2
2018,3,1178.0,55_and_over,2018-3
2018,4,1112.0,55_and_over,2018-4
2018,5,1032.0,55_and_over,2018-5
2018,6,1156.0,55_and_over,2018-6
2018,7,1144.0,55_and_over,2018-7
2018,8,1144.0,55_and_over,2018-8
2018,9,1062.0,55_and_over,2018-9
2018,10,1069.0,55_and_over,2018-10
2018,11,1075.0,55_and_over,2018-11
2018,12,1096.0,55_and_over,2018-12
2019,1,1212.0,55_and_over,2019-1
2019,2,1035.0,55_and_over,2019-2
2019,3,1016.0,55_and_over,2019-3
2019,4,975.0,55_and_over,2019-4
2019,5,1037.0,55_and_over,2019-5
2019,6,1141.0,55_and_over,2019-6
2019,7,1041.0,55_and_over,2019-7
2019,8,1010.0,55_and_over,2019-8
2019,9,923.0,55_and_over,2019-9
2019,10,1000.0,55_and_over,2019-10
2019,11,998.0,55_and_over,2019-11
2019,12,911.0,55_and_over,2019-12
2020,1,1000.0,55_and_over,2020-1
2020,2,1003.0,55_and_over,2020-2
2020,3,1276.0,55_and_over,2020-3
2020,4,5071.0,55_and_over,2020-4
2020,5,4398.0,55_and_over,2020-5
2015,1,939.0,less_than_highschool_diploma,2015-1
2015,2,919.0,less_than_highschool_diploma,2015-2
2015,3,952.0,less_than_highschool_diploma,2015-3
2015,4,956.0,less_than_highschool_diploma,2015-4
2015,5,970.0,less_than_highschool_diploma,2015-5
2015,6,907.0,less_than_highschool_diploma,2015-6
2015,7,900.0,less_than_highschool_diploma,2015-7
2015,8,839.0,less_than_highschool_diploma,2015-8
2015,9,839.0,less_than_highschool_diploma,2015-9
2015,10,811.0,less_than_highschool_diploma,2015-10
2015,11,742.0,less_than_highschool_diploma,2015-11
2015,12,695.0,less_than_highschool_diploma,2015-12
2016,1,769.0,less_than_highschool_diploma,2016-1
2016,2,754.0,less_than_highschool_diploma,2016-2
2016,3,796.0,less_than_highschool_diploma,2016-3
2016,4,819.0,less_than_highschool_diploma,2016-4
2016,5,783.0,less_than_highschool_diploma,2016-5
2016,6,807.0,less_than_highschool_diploma,2016-6
2016,7,690.0,less_than_highschool_diploma,2016-7
2016,8,793.0,less_than_highschool_diploma,2016-8
2016,9,917.0,less_than_highschool_diploma,2016-9
2016,10,793.0,less_than_highschool_diploma,2016-10
2016,11,826.0,less_than_highschool_diploma,2016-11
2016,12,785.0,less_than_highschool_diploma,2016-12
2017,1,772.0,less_than_highschool_diploma,2017-1
2017,2,792.0,less_than_highschool_diploma,2017-2
2017,3,670.0,less_than_highschool_diploma,2017-3
2017,4,648.0,less_than_highschool_diploma,2017-4
2017,5,653.0,less_than_highschool_diploma,2017-5
2017,6,673.0,less_than_highschool_diploma,2017-6
2017,7,756.0,less_than_highschool_diploma,2017-7
2017,8,644.0,less_than_highschool_diploma,2017-8
2017,9,710.0,less_than_highschool_diploma,2017-9
2017,10,611.0,less_than_highschool_diploma,2017-10
2017,11,530.0,less_than_highschool_diploma,2017-11
2017,12,630.0,less_than_highschool_diploma,2017-12
2018,1,560.0,less_than_highschool_diploma,2018-1
2018,2,589.0,less_than_highschool_diploma,2018-2
2018,3,560.0,less_than_highschool_diploma,2018-3
2018,4,602.0,less_than_highschool_diploma,2018-4
2018,5,562.0,less_than_highschool_diploma,2018-5
2018,6,583.0,less_than_highschool_diploma,2018-6
2018,7,530.0,less_than_highschool_diploma,2018-7
2018,8,584.0,less_than_highschool_diploma,2018-8
2018,9,577.0,less_than_highschool_diploma,2018-9
2018,10,602.0,less_than_highschool_diploma,2018-10
2018,11,570.0,less_than_highschool_diploma,2018-11
2018,12,592.0,less_than_highschool_diploma,2018-12
2019,1,573.0,less_than_highschool_diploma,2019-1
2019,2,546.0,less_than_highschool_diploma,2019-2
2019,3,586.0,less_than_highschool_diploma,2019-3
2019,4,532.0,less_than_highschool_diploma,2019-4
2019,5,532.0,less_than_highschool_diploma,2019-5
2019,6,535.0,less_than_highschool_diploma,2019-6
2019,7,517.0,less_than_highschool_diploma,2019-7
2019,8,542.0,less_than_highschool_diploma,2019-8
2019,9,477.0,less_than_highschool_diploma,2019-9
2019,10,543.0,less_than_highschool_diploma,2019-10
2019,11,516.0,less_than_highschool_diploma,2019-11
2019,12,516.0,less_than_highschool_diploma,2019-12
2020,1,531.0,less_than_highschool_diploma,2020-1
2020,2,550.0,less_than_highschool_diploma,2020-2
2020,3,625.0,less_than_highschool_diploma,2020-3
2020,4,1821.0,less_than_highschool_diploma,2020-4
2020,5,1634.0,less_than_highschool_diploma,2020-5
2015,1,1910.0,highschool_no_college,2015-1
2015,2,1891.0,highschool_no_college,2015-2
2015,3,1877.0,highschool_no_college,2015-3
2015,4,1938.0,highschool_no_college,2015-4
2015,5,2067.0,highschool_no_college,2015-5
2015,6,1906.0,highschool_no_college,2015-6
2015,7,1950.0,highschool_no_college,2015-7
2015,8,1944.0,highschool_no_college,2015-8
2015,9,1870.0,highschool_no_college,2015-9
2015,10,1841.0,highschool_no_college,2015-10
2015,11,1920.0,highschool_no_college,2015-11
2015,12,1942.0,highschool_no_college,2015-12
2016,1,1831.0,highschool_no_college,2016-1
2016,2,1850.0,highschool_no_college,2016-2
2016,3,1900.0,highschool_no_college,2016-3
2016,4,1941.0,highschool_no_college,2016-4
2016,5,1827.0,highschool_no_college,2016-5
2016,6,1785.0,highschool_no_college,2016-6
2016,7,1805.0,highschool_no_college,2016-7
2016,8,1806.0,highschool_no_college,2016-8
2016,9,1884.0,highschool_no_college,2016-9
2016,10,1952.0,highschool_no_college,2016-10
2016,11,1777.0,highschool_no_college,2016-11
2016,12,1814.0,highschool_no_college,2016-12
2017,1,1828.0,highschool_no_college,2017-1
2017,2,1740.0,highschool_no_college,2017-2
2017,3,1756.0,highschool_no_college,2017-3
2017,4,1665.0,highschool_no_college,2017-4
2017,5,1720.0,highschool_no_college,2017-5
2017,6,1640.0,highschool_no_college,2017-6
2017,7,1605.0,highschool_no_college,2017-7
2017,8,1822.0,highschool_no_college,2017-8
2017,9,1564.0,highschool_no_college,2017-9
2017,10,1502.0,highschool_no_college,2017-10
2017,11,1576.0,highschool_no_college,2017-11
2017,12,1507.0,highschool_no_college,2017-12
2018,1,1586.0,highschool_no_college,2018-1
2018,2,1583.0,highschool_no_college,2018-2
2018,3,1546.0,highschool_no_college,2018-3
2018,4,1529.0,highschool_no_college,2018-4
2018,5,1410.0,highschool_no_college,2018-5
2018,6,1491.0,highschool_no_college,2018-6
2018,7,1475.0,highschool_no_college,2018-7
2018,8,1424.0,highschool_no_college,2018-8
2018,9,1359.0,highschool_no_college,2018-9
2018,10,1440.0,highschool_no_college,2018-10
2018,11,1263.0,highschool_no_college,2018-11
2018,12,1372.0,highschool_no_college,2018-12
2019,1,1361.0,highschool_no_college,2019-1
2019,2,1357.0,highschool_no_college,2019-2
2019,3,1328.0,highschool_no_college,2019-3
2019,4,1237.0,highschool_no_college,2019-4
2019,5,1278.0,highschool_no_college,2019-5
2019,6,1407.0,highschool_no_college,2019-6
2019,7,1306.0,highschool_no_college,2019-7
2019,8,1302.0,highschool_no_college,2019-8
2019,9,1315.0,highschool_no_college,2019-9
2019,10,1335.0,highschool_no_college,2019-10
2019,11,1328.0,highschool_no_college,2019-11
2019,12,1330.0,highschool_no_college,2019-12
2020,1,1369.0,highschool_no_college,2020-1
2020,2,1323.0,highschool_no_college,2020-2
2020,3,1545.0,highschool_no_college,2020-3
2020,4,5747.0,highschool_no_college,2020-4
2020,5,5187.0,highschool_no_college,2020-5
2015,1,1458.0,bachelors_degree_and_higher,2015-1
2015,2,1408.0,bachelors_degree_and_higher,2015-2
2015,3,1225.0,bachelors_degree_and_higher,2015-3
2015,4,1404.0,bachelors_degree_and_higher,2015-4
2015,5,1462.0,bachelors_degree_and_higher,2015-5
2015,6,1292.0,bachelors_degree_and_higher,2015-6
2015,7,1320.0,bachelors_degree_and_higher,2015-7
2015,8,1244.0,bachelors_degree_and_higher,2015-8
2015,9,1315.0,bachelors_degree_and_higher,2015-9
2015,10,1339.0,bachelors_degree_and_higher,2015-10
2015,11,1342.0,bachelors_degree_and_higher,2015-11
2015,12,1319.0,bachelors_degree_and_higher,2015-12
2016,1,1321.0,bachelors_degree_and_higher,2016-1
2016,2,1317.0,bachelors_degree_and_higher,2016-2
2016,3,1370.0,bachelors_degree_and_higher,2016-3
2016,4,1306.0,bachelors_degree_and_higher,2016-4
2016,5,1326.0,bachelors_degree_and_higher,2016-5
2016,6,1371.0,bachelors_degree_and_higher,2016-6
2016,7,1332.0,bachelors_degree_and_higher,2016-7
2016,8,1413.0,bachelors_degree_and_higher,2016-8
2016,9,1385.0,bachelors_degree_and_higher,2016-9
2016,10,1422.0,bachelors_degree_and_higher,2016-10
2016,11,1279.0,bachelors_degree_and_higher,2016-11
2016,12,1344.0,bachelors_degree_and_higher,2016-12
2017,1,1347.0,bachelors_degree_and_higher,2017-1
2017,2,1301.0,bachelors_degree_and_higher,2017-2
2017,3,1310.0,bachelors_degree_and_higher,2017-3
2017,4,1350.0,bachelors_degree_and_higher,2017-4
2017,5,1289.0,bachelors_degree_and_higher,2017-5
2017,6,1289.0,bachelors_degree_and_higher,2017-6
2017,7,1278.0,bachelors_degree_and_higher,2017-7
2017,8,1315.0,bachelors_degree_and_higher,2017-8
2017,9,1275.0,bachelors_degree_and_higher,2017-9
2017,10,1167.0,bachelors_degree_and_higher,2017-10
2017,11,1159.0,bachelors_degree_and_higher,2017-11
2017,12,1205.0,bachelors_degree_and_higher,2017-12
2018,1,1197.0,bachelors_degree_and_higher,2018-1
2018,2,1270.0,bachelors_degree_and_higher,2018-2
2018,3,1238.0,bachelors_degree_and_higher,2018-3
2018,4,1193.0,bachelors_degree_and_higher,2018-4
2018,5,1144.0,bachelors_degree_and_higher,2018-5
2018,6,1314.0,bachelors_degree_and_higher,2018-6
2018,7,1247.0,bachelors_degree_and_higher,2018-7
2018,8,1166.0,bachelors_degree_and_higher,2018-8
2018,9,1149.0,bachelors_degree_and_higher,2018-9
2018,10,1182.0,bachelors_degree_and_higher,2018-10
2018,11,1296.0,bachelors_degree_and_higher,2018-11
2018,12,1271.0,bachelors_degree_and_higher,2018-12
2019,1,1392.0,bachelors_degree_and_higher,2019-1
2019,2,1262.0,bachelors_degree_and_higher,2019-2
2019,3,1189.0,bachelors_degree_and_higher,2019-3
2019,4,1211.0,bachelors_degree_and_higher,2019-4
2019,5,1244.0,bachelors_degree_and_higher,2019-5
2019,6,1235.0,bachelors_degree_and_higher,2019-6
2019,7,1257.0,bachelors_degree_and_higher,2019-7
2019,8,1236.0,bachelors_degree_and_higher,2019-8
2019,9,1193.0,bachelors_degree_and_higher,2019-9
2019,10,1235.0,bachelors_degree_and_higher,2019-10
2019,11,1174.0,bachelors_degree_and_higher,2019-11
2019,12,1160.0,bachelors_degree_and_higher,2019-12
2020,1,1174.0,bachelors_degree_and_higher,2020-1
2020,2,1158.0,bachelors_degree_and_higher,2020-2
2020,3,1487.0,bachelors_degree_and_higher,2020-3
2020,4,5043.0,bachelors_degree_and_higher,2020-4
2020,5,4450.0,bachelors_degree_and_higher,2020-5
2015,1,1945.0,some_college_or_associate_degree,2015-1
2015,2,1858.0,some_college_or_associate_degree,2015-2
2015,3,1801.0,some_college_or_associate_degree,2015-3
2015,4,1764.0,some_college_or_associate_degree,2015-4
2015,5,1669.0,some_college_or_associate_degree,2015-5
2015,6,1595.0,some_college_or_associate_degree,2015-6
2015,7,1637.0,some_college_or_associate_degree,2015-7
2015,8,1603.0,some_college_or_associate_degree,2015-8
2015,9,1586.0,some_college_or_associate_degree,2015-9
2015,10,1642.0,some_college_or_associate_degree,2015-10
2015,11,1654.0,some_college_or_associate_degree,2015-11
2015,12,1566.0,some_college_or_associate_degree,2015-12
2016,1,1607.0,some_college_or_associate_degree,2016-1
2016,2,1591.0,some_college_or_associate_degree,2016-2
2016,3,1574.0,some_college_or_associate_degree,2016-3
2016,4,1575.0,some_college_or_associate_degree,2016-4
2016,5,1474.0,some_college_or_associate_degree,2016-5
2016,6,1576.0,some_college_or_associate_degree,2016-6
2016,7,1606.0,some_college_or_associate_degree,2016-7
2016,8,1568.0,some_college_or_associate_degree,2016-8
2016,9,1590.0,some_college_or_associate_degree,2016-9
2016,10,1471.0,some_college_or_associate_degree,2016-10
2016,11,1473.0,some_college_or_associate_degree,2016-11
2016,12,1455.0,some_college_or_associate_degree,2016-12
2017,1,1439.0,some_college_or_associate_degree,2017-1
2017,2,1497.0,some_college_or_associate_degree,2017-2
2017,3,1389.0,some_college_or_associate_degree,2017-3
2017,4,1394.0,some_college_or_associate_degree,2017-4
2017,5,1533.0,some_college_or_associate_degree,2017-5
2017,6,1423.0,some_college_or_associate_degree,2017-6
2017,7,1404.0,some_college_or_associate_degree,2017-7
2017,8,1386.0,some_college_or_associate_degree,2017-8
2017,9,1360.0,some_college_or_associate_degree,2017-9
2017,10,1411.0,some_college_or_associate_degree,2017-10
2017,11,1370.0,some_college_or_associate_degree,2017-11
2017,12,1359.0,some_college_or_associate_degree,2017-12
2018,1,1285.0,some_college_or_associate_degree,2018-1
2018,2,1310.0,some_college_or_associate_degree,2018-2
2018,3,1322.0,some_college_or_associate_degree,2018-3
2018,4,1307.0,some_college_or_associate_degree,2018-4
2018,5,1247.0,some_college_or_associate_degree,2018-5
2018,6,1256.0,some_college_or_associate_degree,2018-6
2018,7,1189.0,some_college_or_associate_degree,2018-7
2018,8,1303.0,some_college_or_associate_degree,2018-8
2018,9,1190.0,some_college_or_associate_degree,2018-9
2018,10,1153.0,some_college_or_associate_degree,2018-10
2018,11,1165.0,some_college_or_associate_degree,2018-11
2018,12,1224.0,some_college_or_associate_degree,2018-12
2019,1,1277.0,some_college_or_associate_degree,2019-1
2019,2,1172.0,some_college_or_associate_degree,2019-2
2019,3,1253.0,some_college_or_associate_degree,2019-3
2019,4,1149.0,some_college_or_associate_degree,2019-4
2019,5,1042.0,some_college_or_associate_degree,2019-5
2019,6,1131.0,some_college_or_associate_degree,2019-6
2019,7,1192.0,some_college_or_associate_degree,2019-7
2019,8,1143.0,some_college_or_associate_degree,2019-8
2019,9,1085.0,some_college_or_associate_degree,2019-9
2019,10,1069.0,some_college_or_associate_degree,2019-10
2019,11,1085.0,some_college_or_associate_degree,2019-11
2019,12,1018.0,some_college_or_associate_degree,2019-12
2020,1,1040.0,some_college_or_associate_degree,2020-1
2020,2,1116.0,some_college_or_associate_degree,2020-2
2020,3,1368.0,some_college_or_associate_degree,2020-3
2020,4,5376.0,some_college_or_associate_degree,2020-4
2020,5,4821.0,some_college_or_associate_degree,2020-5
2015,1,356.0,asian,2015-1
2015,2,359.0,asian,2015-2
2015,3,286.0,asian,2015-3
2015,4,400.0,asian,2015-4
2015,5,379.0,asian,2015-5
2015,6,351.0,asian,2015-6
2015,7,358.0,asian,2015-7
2015,8,307.0,asian,2015-8
2015,9,319.0,asian,2015-9
2015,10,314.0,asian,2015-10
2015,11,359.0,asian,2015-11
2015,12,379.0,asian,2015-12
2016,1,335.0,asian,2016-1
2016,2,358.0,asian,2016-2
2016,3,371.0,asian,2016-3
2016,4,363.0,asian,2016-4
2016,5,395.0,asian,2016-5
2016,6,337.0,asian,2016-6
2016,7,365.0,asian,2016-7
2016,8,398.0,asian,2016-8
2016,9,371.0,asian,2016-9
2016,10,332.0,asian,2016-10
2016,11,294.0,asian,2016-11
2016,12,263.0,asian,2016-12
2017,1,358.0,asian,2017-1
2017,2,334.0,asian,2017-2
2017,3,314.0,asian,2017-3
2017,4,319.0,asian,2017-4
2017,5,365.0,asian,2017-5
2017,6,354.0,asian,2017-6
2017,7,368.0,asian,2017-7
2017,8,388.0,asian,2017-8
2017,9,357.0,asian,2017-9
2017,10,294.0,asian,2017-10
2017,11,293.0,asian,2017-11
2017,12,242.0,asian,2017-12
2018,1,299.0,asian,2018-1
2018,2,291.0,asian,2018-2
2018,3,309.0,asian,2018-3
2018,4,286.0,asian,2018-4
2018,5,217.0,asian,2018-5
2018,6,329.0,asian,2018-6
2018,7,311.0,asian,2018-7
2018,8,305.0,asian,2018-8
2018,9,359.0,asian,2018-9
2018,10,321.0,asian,2018-10
2018,11,284.0,asian,2018-11
2018,12,335.0,asian,2018-12
2019,1,318.0,asian,2019-1
2019,2,320.0,asian,2019-2
2019,3,318.0,asian,2019-3
2019,4,225.0,asian,2019-4
2019,5,260.0,asian,2019-5
2019,6,225.0,asian,2019-6
2019,7,290.0,asian,2019-7
2019,8,299.0,asian,2019-8
2019,9,259.0,asian,2019-9
2019,10,305.0,asian,2019-10
2019,11,276.0,asian,2019-11
2019,12,264.0,asian,2019-12
2020,1,315.0,asian,2020-1
2020,2,262.0,asian,2020-2
2020,3,433.0,asian,2020-3
2020,4,1438.0,asian,2020-4
2020,5,1493.0,asian,2020-5
