State,Filed week ended,Initial Claims,Reflecting Week Ended,Continued Claims,Covered Employment,Insured Unemployment Rate
Alabama,1/4/2020,"4,578",12/28/2019,"18,523","1,923,741",0.96
Alabama,1/11/2020,"3,629",1/4/2020,"21,143","1,923,741",1.1
Alabama,1/18/2020,"2,483",1/11/2020,"17,402","1,923,741",0.9
Alabama,1/25/2020,"2,129",1/18/2020,"18,390","1,923,741",0.96
Alabama,2/1/2020,"2,170",1/25/2020,"17,284","1,923,741",0.9
Alabama,2/8/2020,"2,176",2/1/2020,"16,745","1,923,741",0.87
Alabama,2/15/2020,"1,981",2/8/2020,"16,571","1,923,741",0.86
Alabama,2/22/2020,"1,735",2/15/2020,"16,059","1,923,741",0.83
Alabama,2/29/2020,"1,575",2/22/2020,"14,721","1,923,741",0.77
Alabama,3/7/2020,"1,663",2/29/2020,"13,657","1,923,741",0.71
Alabama,3/14/2020,"1,819",3/7/2020,"13,070","1,923,741",0.68
Alabama,3/21/2020,"10,892",3/14/2020,"12,487","1,923,741",0.65
Alabama,3/28/2020,"80,984",3/21/2020,"18,083","1,923,741",0.94
Alabama,4/4/2020,"106,739",3/28/2020,"52,176","1,923,741",2.71
Alabama,4/11/2020,"77,515",4/4/2020,"95,325","1,929,897",4.94
Alabama,4/18/2020,"66,432",4/11/2020,"144,327","1,929,897",7.48
Alabama,4/25/2020,"74,966",4/18/2020,"173,855","1,929,897",9.01
Alabama,5/2/2020,"28,985",4/25/2020,"214,684","1,929,897",11.12
Alabama,5/9/2020,"26,666",5/2/2020,"216,856","1,929,897",11.24
Alabama,5/16/2020,"25,150",5/9/2020,"203,677","1,929,897",10.55
Alaska,1/4/2020,981,12/28/2019,"10,177","306,493",3.32
Alaska,1/11/2020,"1,371",1/4/2020,"9,310","307,329",3.03
Alaska,1/18/2020,"1,181",1/11/2020,"9,984","307,329",3.25
Alaska,1/25/2020,"1,003",1/18/2020,"9,496","307,329",3.09
Alaska,2/1/2020,"1,122",1/25/2020,"9,579","307,329",3.12
Alaska,2/8/2020,980,2/1/2020,"9,161","307,329",2.98
Alaska,2/15/2020,915,2/8/2020,"9,343","307,329",3.04
Alaska,2/22/2020,773,2/15/2020,"8,864","307,329",2.88
Alaska,2/29/2020,874,2/22/2020,"8,938","307,329",2.91
Alaska,3/7/2020,815,2/29/2020,"8,266","307,329",2.69
Alaska,3/14/2020,"1,120",3/7/2020,"8,522","307,329",2.77
Alaska,3/21/2020,"7,847",3/14/2020,"8,512","307,329",2.77
Alaska,3/28/2020,"13,774",3/21/2020,"11,173","307,329",3.64
Alaska,4/4/2020,"14,590",3/28/2020,"19,845","307,329",6.46
Alaska,4/11/2020,"12,007",4/4/2020,"35,365","308,137",11.48
Alaska,4/18/2020,"12,201",4/11/2020,"48,096","308,137",15.61
Alaska,4/25/2020,"10,313",4/18/2020,"52,022","308,137",16.88
Alaska,5/2/2020,"8,718",4/25/2020,"49,893","308,137",16.19
Alaska,5/9/2020,"7,807",5/2/2020,"50,971","308,137",16.54
Alaska,5/16/2020,"7,741",5/9/2020,"50,049","308,137",16.24
Arkansas,1/4/2020,"2,576",12/28/2019,"15,323","1,193,713",1.28
Arkansas,1/11/2020,"2,493",1/4/2020,"15,536","1,195,622",1.3
Arkansas,1/18/2020,"1,729",1/11/2020,"13,229","1,195,622",1.11
Arkansas,1/25/2020,"1,683",1/18/2020,"12,331","1,195,622",1.03
Arkansas,2/1/2020,"1,837",1/25/2020,"13,210","1,195,622",1.1
Arkansas,2/8/2020,"1,724",2/1/2020,"12,964","1,195,622",1.08
Arkansas,2/15/2020,"1,602",2/8/2020,"12,979","1,195,622",1.09
Arkansas,2/22/2020,"1,055",2/15/2020,"12,546","1,195,622",1.05
Arkansas,2/29/2020,"1,418",2/22/2020,"12,244","1,195,622",1.02
Arkansas,3/7/2020,"1,843",2/29/2020,"11,618","1,195,622",0.97
Arkansas,3/14/2020,"1,382",3/7/2020,"11,514","1,195,622",0.96
Arkansas,3/21/2020,"9,275",3/14/2020,"10,988","1,195,622",0.92
Arkansas,3/28/2020,"27,756",3/21/2020,"16,148","1,195,622",1.35
Arkansas,4/4/2020,"62,086",3/28/2020,"36,499","1,195,622",3.05
Arkansas,4/11/2020,"35,629",4/4/2020,"66,511","1,196,468",5.56
Arkansas,4/18/2020,"25,404",4/11/2020,"91,278","1,196,468",7.63
Arkansas,4/25/2020,"17,671",4/18/2020,"109,337","1,196,468",9.14
Arkansas,5/2/2020,"13,448",4/25/2020,"119,332","1,196,468",9.97
Arkansas,5/9/2020,"13,152",5/2/2020,"122,522","1,196,468",10.24
Arkansas,5/16/2020,"11,427",5/9/2020,"122,408","1,196,468",10.23
Arizona,1/4/2020,"3,132",12/28/2019,"17,991","2,864,180",0.63
Arizona,1/11/2020,"4,654",1/4/2020,"18,259","2,864,180",0.64
Arizona,1/18/2020,"4,152",1/11/2020,"18,421","2,864,180",0.64
Arizona,1/25/2020,"3,475",1/18/2020,"18,401","2,864,180",0.64
Arizona,2/1/2020,"3,807",1/25/2020,"18,854","2,864,180",0.66
Arizona,2/8/2020,"3,636",2/1/2020,"18,461","2,864,180",0.64
Arizona,2/15/2020,"3,538",2/8/2020,"18,516","2,864,180",0.65
Arizona,2/22/2020,"3,151",2/15/2020,"18,217","2,864,180",0.64
Arizona,2/29/2020,"3,086",2/22/2020,"18,137","2,864,180",0.63
Arizona,3/7/2020,"3,357",2/29/2020,"17,593","2,864,180",0.61
Arizona,3/14/2020,"3,844",3/7/2020,"17,595","2,864,180",0.61
Arizona,3/21/2020,"29,348",3/14/2020,"18,108","2,864,180",0.63
Arizona,3/28/2020,"88,940",3/21/2020,"26,387","2,864,180",0.92
Arizona,4/4/2020,"132,428",3/28/2020,"62,597","2,864,180",2.19
Arizona,4/11/2020,"98,531",4/4/2020,"120,592","2,864,180",4.21
Arizona,4/18/2020,"72,457",4/11/2020,"170,262","2,885,408",5.9
Arizona,4/25/2020,"52,581",4/18/2020,"196,401","2,885,408",6.81
Arizona,5/2/2020,"43,023",4/25/2020,"218,760","2,885,408",7.58
Arizona,5/9/2020,"31,570",5/2/2020,"228,806","2,885,408",7.93
Arizona,5/16/2020,"31,957",5/9/2020,"230,566","2,885,408",7.99
California,1/4/2020,"36,720",12/28/2019,"359,606","17,203,829",2.09
California,1/11/2020,"51,993",1/4/2020,"356,376","17,265,039",2.06
California,1/18/2020,"64,858",1/11/2020,"376,947","17,265,039",2.18
California,1/25/2020,"45,596",1/18/2020,"336,269","17,265,039",1.95
California,2/1/2020,"43,458",1/25/2020,"388,341","17,265,039",2.25
California,2/8/2020,"40,392",2/1/2020,"359,156","17,265,039",2.08
California,2/15/2020,"43,445",2/8/2020,"375,305","17,265,039",2.17
California,2/22/2020,"34,979",2/15/2020,"349,252","17,265,039",2.02
California,2/29/2020,"41,678",2/22/2020,"369,988","17,265,039",2.14
California,3/7/2020,"43,385",2/29/2020,"378,864","17,265,039",2.19
California,3/14/2020,"57,606",3/7/2020,"351,344","17,265,039",2.04
California,3/21/2020,"186,333",3/14/2020,"421,912","17,265,039",2.44
California,3/28/2020,"1,058,325",3/21/2020,"400,565","17,265,039",2.32
California,4/4/2020,"918,814",3/28/2020,"1,076,761","17,265,039",6.24
California,4/11/2020,"655,472",4/4/2020,"1,429,954","17,330,010",8.25
California,4/18/2020,"528,360",4/11/2020,"2,422,458","17,330,010",13.98
California,4/25/2020,"325,343",4/18/2020,"1,887,575","17,330,010",10.89
California,5/2/2020,"316,257",4/25/2020,"4,808,361","17,330,010",27.75
California,5/9/2020,"212,667",5/2/2020,"2,850,204","17,330,010",16.45
California,5/16/2020,"244,431",5/9/2020,"3,565,153","17,330,010",20.57
Colorado,1/4/2020,"2,431",12/28/2019,"21,391","2,635,231",0.81
Colorado,1/11/2020,"3,001",1/4/2020,"21,492","2,650,335",0.81
Colorado,1/18/2020,"2,522",1/11/2020,"21,104","2,650,335",0.8
Colorado,1/25/2020,"2,164",1/18/2020,"22,738","2,650,335",0.86
Colorado,2/1/2020,"2,049",1/25/2020,"21,560","2,650,335",0.81
Colorado,2/8/2020,"2,482",2/1/2020,"22,881","2,650,335",0.86
Colorado,2/15/2020,"2,209",2/8/2020,"22,076","2,650,335",0.83
Colorado,2/22/2020,"1,862",2/15/2020,"23,694","2,650,335",0.89
Colorado,2/29/2020,"1,681",2/22/2020,"22,409","2,650,335",0.85
Colorado,3/7/2020,"1,865",2/29/2020,"22,908","2,650,335",0.86
Colorado,3/14/2020,"2,321",3/7/2020,"21,260","2,650,335",0.8
Colorado,3/21/2020,"19,774",3/14/2020,"21,309","2,650,335",0.8
Colorado,3/28/2020,"61,838",3/21/2020,"21,956","2,650,335",0.83
Colorado,4/4/2020,"46,326",3/28/2020,"73,584","2,650,335",2.78
Colorado,4/11/2020,"104,572",4/4/2020,"166,593","2,666,358",6.25
Colorado,4/18/2020,"67,639",4/11/2020,"171,434","2,666,358",6.43
Colorado,4/25/2020,"38,662",4/18/2020,"228,713","2,666,358",8.58
Colorado,5/2/2020,"28,360",4/25/2020,"228,683","2,666,358",8.58
Colorado,5/9/2020,"22,732",5/2/2020,"261,951","2,666,358",9.82
Colorado,5/16/2020,"18,054",5/9/2020,"246,507","2,666,358",9.25
Connecticut,1/4/2020,"7,852",12/28/2019,"46,562","1,655,540",2.81
Connecticut,1/11/2020,"5,986",1/4/2020,"47,540","1,654,391",2.87
Connecticut,1/18/2020,"3,776",1/11/2020,"42,483","1,654,391",2.57
Connecticut,1/25/2020,"2,949",1/18/2020,"41,760","1,654,391",2.52
Connecticut,2/1/2020,"2,994",1/25/2020,"41,725","1,654,391",2.52
Connecticut,2/8/2020,"2,944",2/1/2020,"41,633","1,654,391",2.52
Connecticut,2/15/2020,"2,520",2/8/2020,"39,384","1,654,391",2.38
Connecticut,2/22/2020,"2,435",2/15/2020,"41,691","1,654,391",2.52
Connecticut,2/29/2020,"2,843",2/22/2020,"42,168","1,654,391",2.55
Connecticut,3/7/2020,"2,527",2/29/2020,"40,638","1,654,391",2.46
Connecticut,3/14/2020,"3,440",3/7/2020,"39,786","1,654,391",2.4
Connecticut,3/21/2020,"25,100",3/14/2020,"44,194","1,654,391",2.67
Connecticut,3/28/2020,"33,227",3/21/2020,"80,861","1,654,391",4.89
Connecticut,4/4/2020,"33,464",3/28/2020,"147,939","1,654,391",8.94
Connecticut,4/11/2020,"34,050",4/4/2020,"189,196","1,653,302",11.44
Connecticut,4/18/2020,"102,808",4/11/2020,"306,047","1,653,302",18.51
Connecticut,4/25/2020,"33,041",4/18/2020,"309,111","1,653,302",18.7
Connecticut,5/2/2020,"36,138",4/25/2020,"297,549","1,653,302",18
Connecticut,5/9/2020,"30,046",5/2/2020,"319,529","1,653,302",19.33
Connecticut,5/16/2020,"25,960",5/9/2020,"297,088","1,653,302",17.97
Delaware,1/4/2020,875,12/28/2019,"6,881","441,663",1.56
Delaware,1/11/2020,"1,107",1/4/2020,"7,083","443,288",1.6
Delaware,1/18/2020,830,1/11/2020,"5,967","443,288",1.35
Delaware,1/25/2020,674,1/18/2020,"5,703","443,288",1.29
Delaware,2/1/2020,622,1/25/2020,"6,830","443,288",1.54
Delaware,2/8/2020,608,2/1/2020,"5,888","443,288",1.33
Delaware,2/15/2020,610,2/8/2020,"5,917","443,288",1.33
Delaware,2/22/2020,632,2/15/2020,"5,921","443,288",1.34
Delaware,2/29/2020,524,2/22/2020,"6,742","443,288",1.52
Delaware,3/7/2020,518,2/29/2020,"5,480","443,288",1.24
Delaware,3/14/2020,472,3/7/2020,"5,310","443,288",1.2
Delaware,3/21/2020,"10,776",3/14/2020,"5,297","443,288",1.19
Delaware,3/28/2020,"19,137",3/21/2020,"11,506","443,288",2.6
Delaware,4/4/2020,"18,851",3/28/2020,"19,442","443,288",4.39
Delaware,4/11/2020,"13,258",4/4/2020,"29,577","445,741",6.64
Delaware,4/18/2020,"9,446",4/11/2020,"38,451","445,741",8.63
Delaware,4/25/2020,"7,947",4/18/2020,"44,977","445,741",10.09
Delaware,5/2/2020,"6,297",4/25/2020,"52,501","445,741",11.78
Delaware,5/9/2020,"5,197",5/2/2020,"50,205","445,741",11.26
Delaware,5/16/2020,"5,554",5/9/2020,"51,010","445,741",11.44
District of Columbia,1/4/2020,481,12/28/2019,"7,198","576,878",1.25
District of Columbia,1/11/2020,706,1/4/2020,"7,102","578,035",1.23
District of Columbia,1/18/2020,594,1/11/2020,"7,271","578,035",1.26
District of Columbia,1/25/2020,534,1/18/2020,"7,149","578,035",1.24
District of Columbia,2/1/2020,539,1/25/2020,"7,139","578,035",1.24
District of Columbia,2/8/2020,508,2/1/2020,"7,156","578,035",1.24
District of Columbia,2/15/2020,473,2/8/2020,"7,079","578,035",1.22
District of Columbia,2/22/2020,422,2/15/2020,"7,003","578,035",1.21
District of Columbia,2/29/2020,452,2/22/2020,"7,020","578,035",1.21
District of Columbia,3/7/2020,471,2/29/2020,"6,792","578,035",1.18
District of Columbia,3/14/2020,"1,213",3/7/2020,"6,746","578,035",1.17
District of Columbia,3/21/2020,"14,462",3/14/2020,"7,378","578,035",1.28
District of Columbia,3/28/2020,"15,869",3/21/2020,"17,661","578,035",3.06
District of Columbia,4/4/2020,"15,329",3/28/2020,"31,385","578,035",5.43
District of Columbia,4/11/2020,"9,974",4/4/2020,"42,224","579,419",7.29
District of Columbia,4/18/2020,"8,639",4/11/2020,"47,465","579,419",8.19
District of Columbia,4/25/2020,"8,708",4/18/2020,"52,534","579,419",9.07
District of Columbia,5/2/2020,"8,113",4/25/2020,"58,634","579,419",10.12
District of Columbia,5/9/2020,"5,782",5/2/2020,"65,298","579,419",11.27
District of Columbia,5/16/2020,"5,196",5/9/2020,"68,844","579,419",11.88
Florida,1/4/2020,"4,618",12/28/2019,"36,189","8,608,066",0.42
Florida,1/11/2020,"6,862",1/4/2020,"35,024","8,604,277",0.41
Florida,1/18/2020,"6,088",1/11/2020,"34,718","8,604,277",0.4
Florida,1/25/2020,"5,206",1/18/2020,"33,347","8,604,277",0.39
Florida,2/1/2020,"5,457",1/25/2020,"35,871","8,604,277",0.42
Florida,2/8/2020,"5,605",2/1/2020,"33,176","8,604,277",0.39
Florida,2/15/2020,"5,229",2/8/2020,"34,449","8,604,277",0.4
Florida,2/22/2020,"4,861",2/15/2020,"33,570","8,604,277",0.39
Florida,2/29/2020,"4,853",2/22/2020,"33,421","8,604,277",0.39
Florida,3/7/2020,"5,325",2/29/2020,"32,262","8,604,277",0.37
Florida,3/14/2020,"6,463",3/7/2020,"32,244","8,604,277",0.37
Florida,3/21/2020,"74,313",3/14/2020,"33,728","8,604,277",0.39
Florida,3/28/2020,"228,484",3/21/2020,"35,076","8,604,277",0.41
Florida,4/4/2020,"169,885",3/28/2020,"98,921","8,604,277",1.15
Florida,4/11/2020,"180,419",4/4/2020,"339,448","8,590,846",3.95
Florida,4/18/2020,"506,670",4/11/2020,"177,021","8,590,846",2.06
Florida,4/25/2020,"433,103",4/18/2020,"540,554","8,590,846",6.29
Florida,5/2/2020,"174,860",4/25/2020,"444,561","8,590,846",5.17
Florida,5/9/2020,"223,082",5/2/2020,"1,035,207","8,590,846",12.05
Florida,5/16/2020,"225,404",5/9/2020,"2,151,108","8,590,846",25.04
Georgia,1/4/2020,"17,060",12/28/2019,"38,704","4,353,840",0.89
Georgia,1/11/2020,"17,962",1/4/2020,"47,482","4,373,059",1.09
Georgia,1/18/2020,"8,161",1/11/2020,"32,079","4,373,059",0.73
Georgia,1/25/2020,"5,257",1/18/2020,"28,998","4,373,059",0.66
Georgia,2/1/2020,"5,199",1/25/2020,"28,332","4,373,059",0.65
Georgia,2/8/2020,"5,577",2/1/2020,"26,984","4,373,059",0.62
Georgia,2/15/2020,"6,277",2/8/2020,"27,317","4,373,059",0.62
Georgia,2/22/2020,"5,030",2/15/2020,"26,963","4,373,059",0.62
Georgia,2/29/2020,"5,538",2/22/2020,"26,958","4,373,059",0.62
Georgia,3/7/2020,"4,569",2/29/2020,"25,079","4,373,059",0.57
Georgia,3/14/2020,"5,445",3/7/2020,"25,352","4,373,059",0.58
Georgia,3/21/2020,"12,140",3/14/2020,"27,507","4,373,059",0.63
Georgia,3/28/2020,"133,820",3/21/2020,"107,877","4,373,059",2.47
Georgia,4/4/2020,"390,132",3/28/2020,"360,077","4,373,059",8.23
Georgia,4/11/2020,"319,581",4/4/2020,"595,418","4,388,404",13.57
Georgia,4/18/2020,"247,003",4/11/2020,"611,889","4,388,404",13.94
Georgia,4/25/2020,"266,565",4/18/2020,"758,856","4,388,404",17.29
Georgia,5/2/2020,"228,352",4/25/2020,"885,764","4,388,404",20.18
Georgia,5/9/2020,"242,772",5/2/2020,"812,913","4,388,404",18.52
Georgia,5/16/2020,"177,731",5/9/2020,"790,178","4,388,404",18.01
Hawaii,1/4/2020,"1,825",12/28/2019,"6,813","623,074",1.09
Hawaii,1/11/2020,"1,826",1/4/2020,"7,849","621,949",1.26
Hawaii,1/18/2020,"1,234",1/11/2020,"6,623","621,949",1.06
Hawaii,1/25/2020,"1,014",1/18/2020,"6,407","621,949",1.03
Hawaii,2/1/2020,"1,135",1/25/2020,"6,070","621,949",0.98
Hawaii,2/8/2020,"1,137",2/1/2020,"6,205","621,949",1
Hawaii,2/15/2020,"1,199",2/8/2020,"6,121","621,949",0.98
Hawaii,2/22/2020,"1,020",2/15/2020,"6,223","621,949",1
Hawaii,2/29/2020,"1,049",2/22/2020,"5,951","621,949",0.96
Hawaii,3/7/2020,"1,275",2/29/2020,"6,047","621,949",0.97
Hawaii,3/14/2020,"1,589",3/7/2020,"6,204","621,949",1
Hawaii,3/21/2020,"8,817",3/14/2020,"6,477","621,949",1.04
Hawaii,3/28/2020,"48,596",3/21/2020,"10,997","621,949",1.77
Hawaii,4/4/2020,"53,102",3/28/2020,"32,226","621,949",5.18
Hawaii,4/11/2020,"34,717",4/4/2020,"48,305","621,474",7.77
Hawaii,4/18/2020,"26,591",4/11/2020,"72,261","621,474",11.63
Hawaii,4/25/2020,"22,496",4/18/2020,"68,637","621,474",11.04
Hawaii,5/2/2020,"15,177",4/25/2020,"88,104","621,474",14.18
Hawaii,5/9/2020,"12,329",5/2/2020,"110,910","621,474",17.85
Hawaii,5/16/2020,"10,964",5/9/2020,"145,543","621,474",23.42
Idaho,1/4/2020,"2,957",12/28/2019,"8,854","722,812",1.22
Idaho,1/11/2020,"2,131",1/4/2020,"11,483","727,996",1.58
Idaho,1/18/2020,"2,172",1/11/2020,"11,931","727,996",1.64
Idaho,1/25/2020,"1,821",1/18/2020,"11,833","727,996",1.63
Idaho,2/1/2020,"1,446",1/25/2020,"11,337","727,996",1.56
Idaho,2/8/2020,"1,443",2/1/2020,"11,389","727,996",1.56
Idaho,2/15/2020,"1,356",2/8/2020,"11,334","727,996",1.56
Idaho,2/22/2020,"1,114",2/15/2020,"11,275","727,996",1.55
Idaho,2/29/2020,998,2/22/2020,"10,587","727,996",1.45
Idaho,3/7/2020,938,2/29/2020,"10,167","727,996",1.4
Idaho,3/14/2020,"1,031",3/7/2020,"9,336","727,996",1.28
Idaho,3/21/2020,"13,586",3/14/2020,"7,869","727,996",1.08
Idaho,3/28/2020,"32,941",3/21/2020,"15,523","727,996",2.13
Idaho,4/4/2020,"30,904",3/28/2020,"35,915","727,996",4.93
Idaho,4/11/2020,"18,531",4/4/2020,"59,139","733,499",8.06
Idaho,4/18/2020,"13,023",4/11/2020,"67,722","733,499",9.23
Idaho,4/25/2020,"8,827",4/18/2020,"71,416","733,499",9.74
Idaho,5/2/2020,"7,495",4/25/2020,"71,794","733,499",9.79
Idaho,5/9/2020,"5,795",5/2/2020,"65,478","733,499",8.93
Idaho,5/16/2020,"5,800",5/9/2020,"60,121","733,499",8.2
Illinois,1/4/2020,"11,779",12/28/2019,"125,348","5,902,475",2.12
Illinois,1/11/2020,"12,703",1/4/2020,"136,523","5,910,898",2.31
Illinois,1/18/2020,"14,807",1/11/2020,"133,967","5,910,898",2.27
Illinois,1/25/2020,"9,762",1/18/2020,"131,469","5,910,898",2.22
Illinois,2/1/2020,"9,343",1/25/2020,"143,239","5,910,898",2.42
Illinois,2/8/2020,"9,794",2/1/2020,"130,900","5,910,898",2.21
Illinois,2/15/2020,"8,045",2/8/2020,"133,765","5,910,898",2.26
Illinois,2/22/2020,"11,812",2/15/2020,"131,171","5,910,898",2.22
Illinois,2/29/2020,"8,980",2/22/2020,"132,123","5,910,898",2.24
Illinois,3/7/2020,"8,727",2/29/2020,"136,396","5,910,898",2.31
Illinois,3/14/2020,"11,305",3/7/2020,"130,293","5,910,898",2.2
Illinois,3/21/2020,"126,716",3/14/2020,"125,422","5,910,898",2.12
Illinois,3/28/2020,"185,575",3/21/2020,"132,058","5,910,898",2.23
Illinois,4/4/2020,"202,157",3/28/2020,"263,018","5,910,898",4.45
Illinois,4/11/2020,"140,787",4/4/2020,"452,826","5,914,575",7.66
Illinois,4/18/2020,"118,996",4/11/2020,"569,200","5,914,575",9.62
Illinois,4/25/2020,"101,322",4/18/2020,"681,002","5,914,575",11.51
Illinois,5/2/2020,"74,476",4/25/2020,"695,971","5,914,575",11.77
Illinois,5/9/2020,"72,671",5/2/2020,"755,912","5,914,575",12.78
Illinois,5/16/2020,"72,780",5/9/2020,"733,542","5,914,575",12.4
Indiana,1/4/2020,"4,434",12/28/2019,"20,062","3,034,091",0.66
Indiana,1/11/2020,"4,890",1/4/2020,"21,524","3,039,304",0.71
Indiana,1/18/2020,"3,741",1/11/2020,"21,626","3,039,304",0.71
Indiana,1/25/2020,"2,956",1/18/2020,"21,366","3,039,304",0.7
Indiana,2/1/2020,"3,016",1/25/2020,"22,017","3,039,304",0.72
Indiana,2/8/2020,"2,725",2/1/2020,"22,212","3,039,304",0.73
Indiana,2/15/2020,"2,556",2/8/2020,"22,352","3,039,304",0.74
Indiana,2/22/2020,"2,979",2/15/2020,"22,913","3,039,304",0.75
Indiana,2/29/2020,"2,276",2/22/2020,"22,994","3,039,304",0.76
Indiana,3/7/2020,"2,223",2/29/2020,"22,586","3,039,304",0.74
Indiana,3/14/2020,"2,596",3/7/2020,"21,473","3,039,304",0.71
Indiana,3/21/2020,"59,755",3/14/2020,"20,778","3,039,304",0.68
Indiana,3/28/2020,"139,174",3/21/2020,"28,987","3,039,304",0.95
Indiana,4/4/2020,"127,010",3/28/2020,"71,737","3,039,304",2.36
Indiana,4/11/2020,"113,755",4/4/2020,"147,583","3,041,986",4.85
Indiana,4/18/2020,"72,756",4/11/2020,"206,386","3,041,986",6.78
Indiana,4/25/2020,"55,774",4/18/2020,"253,929","3,041,986",8.35
Indiana,5/2/2020,"42,290",4/25/2020,"271,248","3,041,986",8.92
Indiana,5/9/2020,"29,668",5/2/2020,"285,460","3,041,986",9.38
Indiana,5/16/2020,"29,436",5/9/2020,"270,385","3,041,986",8.89
Iowa,1/4/2020,"4,586",12/28/2019,"34,549","1,529,213",2.26
Iowa,1/11/2020,"4,836",1/4/2020,"34,540","1,530,920",2.26
Iowa,1/18/2020,"3,615",1/11/2020,"29,625","1,530,920",1.94
Iowa,1/25/2020,"3,115",1/18/2020,"30,369","1,530,920",1.98
Iowa,2/1/2020,"3,066",1/25/2020,"30,890","1,530,920",2.02
Iowa,2/8/2020,"2,379",2/1/2020,"30,789","1,530,920",2.01
Iowa,2/15/2020,"2,239",2/8/2020,"30,799","1,530,920",2.01
Iowa,2/22/2020,"2,631",2/15/2020,"30,741","1,530,920",2.01
Iowa,2/29/2020,"2,240",2/22/2020,"30,516","1,530,920",1.99
Iowa,3/7/2020,"2,221",2/29/2020,"29,424","1,530,920",1.92
Iowa,3/14/2020,"2,229",3/7/2020,"27,816","1,530,920",1.82
Iowa,3/21/2020,"40,952",3/14/2020,"26,496","1,530,920",1.73
Iowa,3/28/2020,"55,966",3/21/2020,"53,650","1,530,920",3.5
Iowa,4/4/2020,"64,194",3/28/2020,"91,631","1,530,920",5.99
Iowa,4/11/2020,"43,889",4/4/2020,"127,332","1,531,621",8.31
Iowa,4/18/2020,"26,901",4/11/2020,"150,445","1,531,621",9.82
Iowa,4/25/2020,"27,220",4/18/2020,"168,971","1,531,621",11.03
Iowa,5/2/2020,"23,241",4/25/2020,"179,610","1,531,621",11.73
Iowa,5/9/2020,"15,820",5/2/2020,"189,643","1,531,621",12.38
Iowa,5/16/2020,"12,056",5/9/2020,"184,641","1,531,621",12.06
Kansas,1/4/2020,"2,019",12/28/2019,"11,175","1,359,781",0.82
Kansas,1/11/2020,"2,140",1/4/2020,"11,431","1,363,114",0.84
Kansas,1/18/2020,"2,402",1/11/2020,"10,638","1,363,114",0.78
Kansas,1/25/2020,"2,557",1/18/2020,"11,182","1,363,114",0.82
Kansas,2/1/2020,"2,000",1/25/2020,"12,301","1,363,114",0.9
Kansas,2/8/2020,"2,107",2/1/2020,"11,809","1,363,114",0.87
Kansas,2/15/2020,"2,076",2/8/2020,"11,666","1,363,114",0.86
Kansas,2/22/2020,"1,494",2/15/2020,"12,003","1,363,114",0.88
Kansas,2/29/2020,"1,517",2/22/2020,"11,505","1,363,114",0.84
Kansas,3/7/2020,"1,365",2/29/2020,"11,003","1,363,115",0.81
Kansas,3/14/2020,"1,755",3/7/2020,"9,771","1,363,114",0.72
Kansas,3/21/2020,"23,563",3/14/2020,"9,973","1,363,114",0.73
Kansas,3/28/2020,"54,330",3/21/2020,"17,558","1,363,114",1.29
Kansas,4/4/2020,"49,306",3/28/2020,"51,425","1,363,114",3.77
Kansas,4/11/2020,"29,873",4/4/2020,"78,334","1,364,944",5.74
Kansas,4/18/2020,"30,596",4/11/2020,"97,478","1,364,944",7.14
Kansas,4/25/2020,"24,483",4/18/2020,"119,022","1,364,944",8.72
Kansas,5/2/2020,"15,959",4/25/2020,"120,701","1,364,944",8.84
Kansas,5/9/2020,"12,234",5/2/2020,"117,977","1,364,944",8.64
Kansas,5/16/2020,"11,238",5/9/2020,"108,565","1,364,944",7.95
Kentucky,1/4/2020,"5,175",12/28/2019,"22,515","1,890,475",1.19
Kentucky,1/11/2020,"3,968",1/4/2020,"25,124","1,890,475",1.33
Kentucky,1/18/2020,"3,084",1/11/2020,"24,066","1,890,475",1.27
Kentucky,1/25/2020,"2,569",1/18/2020,"22,874","1,890,475",1.21
Kentucky,2/1/2020,"2,625",1/25/2020,"23,219","1,890,475",1.23
Kentucky,2/8/2020,"2,936",2/1/2020,"22,937","1,890,475",1.21
Kentucky,2/15/2020,"2,813",2/8/2020,"23,076","1,890,475",1.22
Kentucky,2/22/2020,"2,508",2/15/2020,"22,623","1,890,475",1.2
Kentucky,2/29/2020,"2,223",2/22/2020,"23,733","1,890,475",1.26
Kentucky,3/7/2020,"2,463",2/29/2020,"22,770","1,890,475",1.2
Kentucky,3/14/2020,"2,785",3/7/2020,"22,940","1,890,475",1.21
Kentucky,3/21/2020,"49,023",3/14/2020,"22,328","1,890,475",1.18
Kentucky,3/28/2020,"113,149",3/21/2020,"24,361","1,890,475",1.29
Kentucky,4/4/2020,"117,575",3/28/2020,"130,151","1,890,475",6.88
Kentucky,4/11/2020,"116,277",4/4/2020,"182,097","1,893,451",9.62
Kentucky,4/18/2020,"103,981",4/11/2020,"199,030","1,893,451",10.51
Kentucky,4/25/2020,"91,223",4/18/2020,"260,792","1,893,451",13.77
Kentucky,5/2/2020,"82,435",4/25/2020,"256,317","1,893,451",13.54
Kentucky,5/9/2020,"69,372",5/2/2020,"253,250","1,893,451",13.38
Kentucky,5/16/2020,"47,321",5/9/2020,"246,865","1,893,451",13.04
Louisiana,1/4/2020,"1,658",12/28/2019,"16,553","1,890,973",0.88
Louisiana,1/11/2020,"2,521",1/4/2020,"15,957","1,892,522",0.84
Louisiana,1/18/2020,"2,008",1/11/2020,"16,076","1,892,522",0.85
Louisiana,1/25/2020,"1,878",1/18/2020,"15,500","1,892,522",0.82
Louisiana,2/1/2020,"2,058",1/25/2020,"16,189","1,892,522",0.86
Louisiana,2/8/2020,"1,805",2/1/2020,"15,051","1,892,522",0.8
Louisiana,2/15/2020,"1,739",2/8/2020,"15,057","1,892,522",0.8
Louisiana,2/22/2020,"1,798",2/15/2020,"14,640","1,892,522",0.77
Louisiana,2/29/2020,"1,509",2/22/2020,"15,289","1,892,522",0.81
Louisiana,3/7/2020,"1,698",2/29/2020,"14,199","1,892,522",0.75
Louisiana,3/14/2020,"2,255",3/7/2020,"13,987","1,892,522",0.74
Louisiana,3/21/2020,"72,438",3/14/2020,"14,143","1,892,522",0.75
Louisiana,3/28/2020,"97,400",3/21/2020,"58,027","1,892,522",3.07
Louisiana,4/4/2020,"100,621",3/28/2020,"116,690","1,892,522",6.17
Louisiana,4/11/2020,"79,653",4/4/2020,"217,532","1,891,334",11.5
Louisiana,4/18/2020,"91,923",4/11/2020,"246,296","1,891,334",13.02
Louisiana,4/25/2020,"66,141",4/18/2020,"300,657","1,891,334",15.9
Louisiana,5/2/2020,"50,941",4/25/2020,"310,013","1,891,334",16.39
Louisiana,5/9/2020,"40,125",5/2/2020,"325,136","1,891,334",17.19
Louisiana,5/16/2020,"28,545",5/9/2020,"326,504","1,891,334",17.26
Maine,1/4/2020,"1,663",12/28/2019,"7,828","601,875",1.3
Maine,1/11/2020,"1,561",1/4/2020,"7,832","602,736",1.3
Maine,1/18/2020,959,1/11/2020,"8,661","602,736",1.44
Maine,1/25/2020,944,1/18/2020,"8,457","602,736",1.4
Maine,2/1/2020,881,1/25/2020,"8,916","602,736",1.48
Maine,2/8/2020,702,2/1/2020,"8,809","602,736",1.46
Maine,2/15/2020,790,2/8/2020,"8,896","602,736",1.48
Maine,2/22/2020,737,2/15/2020,"8,624","602,736",1.43
Maine,2/29/2020,862,2/22/2020,"9,007","602,736",1.49
Maine,3/7/2020,715,2/29/2020,"8,739","602,736",1.45
Maine,3/14/2020,634,3/7/2020,"8,451","602,736",1.4
Maine,3/21/2020,"21,459",3/14/2020,"8,703","602,736",1.44
Maine,3/28/2020,"23,770",3/21/2020,"21,967","602,736",3.64
Maine,4/4/2020,"30,910",3/28/2020,"41,339","602,736",6.86
Maine,4/11/2020,"13,488",4/4/2020,"55,723","603,932",9.23
Maine,4/18/2020,"11,769",4/11/2020,"66,525","603,932",11.02
Maine,4/25/2020,"7,661",4/18/2020,"73,141","603,932",12.11
Maine,5/2/2020,"6,993",4/25/2020,"76,773","603,932",12.71
Maine,5/9/2020,"5,579",5/2/2020,"87,280","603,932",14.45
Maine,5/16/2020,"4,726",5/9/2020,"92,207","603,932",15.27
Maryland,1/4/2020,"3,997",12/28/2019,"30,571","2,547,265",1.2
Maryland,1/11/2020,"4,627",1/4/2020,"31,292","2,549,408",1.23
Maryland,1/18/2020,"3,739",1/11/2020,"29,203","2,549,408",1.15
Maryland,1/25/2020,"3,283",1/18/2020,"29,231","2,549,408",1.15
Maryland,2/1/2020,"3,203",1/25/2020,"29,788","2,549,408",1.17
Maryland,2/8/2020,"3,150",2/1/2020,"29,342","2,549,408",1.15
Maryland,2/15/2020,"3,048",2/8/2020,"29,219","2,549,408",1.15
Maryland,2/22/2020,"2,700",2/15/2020,"29,095","2,549,408",1.14
Maryland,2/29/2020,"2,626",2/22/2020,"28,412","2,549,408",1.11
Maryland,3/7/2020,"2,675",2/29/2020,"28,068","2,549,408",1.1
Maryland,3/14/2020,"3,864",3/7/2020,"27,046","2,549,408",1.06
Maryland,3/21/2020,"42,981",3/14/2020,"26,467","2,549,408",1.04
Maryland,3/28/2020,"85,317",3/21/2020,"47,973","2,549,408",1.88
Maryland,4/4/2020,"109,496",3/28/2020,"92,112","2,549,408",3.61
Maryland,4/11/2020,"62,904",4/4/2020,"160,906","2,555,073",6.3
Maryland,4/18/2020,"48,495",4/11/2020,"201,432","2,555,073",7.88
Maryland,4/25/2020,"37,935",4/18/2020,"224,260","2,555,073",8.78
Maryland,5/2/2020,"63,253",4/25/2020,"226,972","2,555,073",8.88
Maryland,5/9/2020,"45,485",5/2/2020,"254,473","2,555,073",9.96
Maryland,5/16/2020,"35,111",5/9/2020,"253,212","2,555,073",9.91
Massachusetts,1/4/2020,"9,464",12/28/2019,"76,528","3,546,144",2.16
Massachusetts,1/11/2020,"8,784",1/4/2020,"79,521","3,557,761",2.24
Massachusetts,1/18/2020,"6,940",1/11/2020,"75,076","3,557,761",2.11
Massachusetts,1/25/2020,"6,022",1/18/2020,"75,529","3,557,761",2.12
Massachusetts,2/1/2020,"5,523",1/25/2020,"76,927","3,557,761",2.16
Massachusetts,2/8/2020,"5,878",2/1/2020,"76,492","3,557,761",2.15
Massachusetts,2/15/2020,"5,393",2/8/2020,"76,912","3,557,761",2.16
Massachusetts,2/22/2020,"9,264",2/15/2020,"77,091","3,557,761",2.17
Massachusetts,2/29/2020,"4,865",2/22/2020,"83,220","3,557,761",2.34
Massachusetts,3/7/2020,"4,712",2/29/2020,"75,552","3,557,761",2.12
Massachusetts,3/14/2020,"7,449",3/7/2020,"74,336","3,557,761",2.09
Massachusetts,3/21/2020,"148,452",3/14/2020,"83,127","3,557,761",2.34
Massachusetts,3/28/2020,"181,423",3/21/2020,"183,105","3,557,761",5.15
Massachusetts,4/4/2020,"139,647",3/28/2020,"310,211","3,557,761",8.72
Massachusetts,4/11/2020,"103,813",4/4/2020,"361,600","3,568,892",10.13
Massachusetts,4/18/2020,"80,969",4/11/2020,"467,552","3,568,892",13.1
Massachusetts,4/25/2020,"71,358",4/18/2020,"532,508","3,568,892",14.92
Massachusetts,5/2/2020,"55,884",4/25/2020,"569,956","3,568,892",15.97
Massachusetts,5/9/2020,"44,915",5/2/2020,"575,569","3,568,892",16.13
Massachusetts,5/16/2020,"38,684",5/9/2020,"589,545","3,568,892",16.52
Michigan,1/4/2020,"13,207",12/28/2019,"72,103","4,298,761",1.68
Michigan,1/11/2020,"14,245",1/4/2020,"89,760","4,302,198",2.09
Michigan,1/18/2020,"10,304",1/11/2020,"84,136","4,302,198",1.96
Michigan,1/25/2020,"7,678",1/18/2020,"91,306","4,302,198",2.12
Michigan,2/1/2020,"6,869",1/25/2020,"82,775","4,302,198",1.92
Michigan,2/8/2020,"6,627",2/1/2020,"79,833","4,302,198",1.86
Michigan,2/15/2020,"5,587",2/8/2020,"79,149","4,302,198",1.84
Michigan,2/22/2020,"5,942",2/15/2020,"78,029","4,302,198",1.81
Michigan,2/29/2020,"5,419",2/22/2020,"78,570","4,302,198",1.83
Michigan,3/7/2020,"5,150",2/29/2020,"77,661","4,302,198",1.81
Michigan,3/14/2020,"5,338",3/7/2020,"75,757","4,302,198",1.76
Michigan,3/21/2020,"128,006",3/14/2020,"75,075","4,302,198",1.75
Michigan,3/28/2020,"304,335",3/21/2020,"88,183","4,302,198",2.05
Michigan,4/4/2020,"388,554",3/28/2020,"366,426","4,302,198",8.52
Michigan,4/11/2020,"222,207",4/4/2020,"749,011","4,305,711",17.4
Michigan,4/18/2020,"136,707",4/11/2020,"937,520","4,305,711",21.77
Michigan,4/25/2020,"82,004",4/18/2020,"934,599","4,305,711",21.71
Michigan,5/2/2020,"67,399",4/25/2020,"996,374","4,305,711",23.14
Michigan,5/9/2020,"55,166",5/2/2020,"973,278","4,305,711",22.6
Michigan,5/16/2020,"56,715",5/9/2020,"994,188","4,305,711",23.09
Minnesota,1/4/2020,"7,293",12/28/2019,"68,226","2,853,412",2.39
Minnesota,1/11/2020,"5,933",1/4/2020,"66,377","2,859,937",2.32
Minnesota,1/18/2020,"4,463",1/11/2020,"62,628","2,859,937",2.19
Minnesota,1/25/2020,"3,931",1/18/2020,"61,704","2,859,937",2.16
Minnesota,2/1/2020,"3,700",1/25/2020,"62,189","2,859,937",2.17
Minnesota,2/8/2020,"4,108",2/1/2020,"64,105","2,859,937",2.24
Minnesota,2/15/2020,"3,641",2/8/2020,"63,956","2,859,937",2.24
Minnesota,2/22/2020,"3,539",2/15/2020,"62,200","2,859,937",2.17
Minnesota,2/29/2020,"3,410",2/22/2020,"61,696","2,859,937",2.16
Minnesota,3/7/2020,"3,488",2/29/2020,"62,767","2,859,937",2.19
Minnesota,3/14/2020,"4,010",3/7/2020,"61,781","2,859,937",2.16
Minnesota,3/21/2020,"115,773",3/14/2020,"66,787","2,859,937",2.34
Minnesota,3/28/2020,"109,095",3/21/2020,"160,873","2,859,937",5.63
Minnesota,4/4/2020,"110,260",3/28/2020,"248,023","2,859,937",8.67
Minnesota,4/11/2020,"93,133",4/4/2020,"341,578","2,864,234",11.93
Minnesota,4/18/2020,"74,829",4/11/2020,"391,284","2,864,234",13.66
Minnesota,4/25/2020,"48,595",4/18/2020,"416,993","2,864,234",14.56
Minnesota,5/2/2020,"41,492",4/25/2020,"420,212","2,864,234",14.67
Minnesota,5/9/2020,"37,669",5/2/2020,"429,187","2,864,234",14.98
Minnesota,5/16/2020,"28,893",5/9/2020,"427,690","2,864,234",14.93
Mississippi,1/4/2020,"1,178",12/28/2019,"9,681","1,107,596",0.87
Mississippi,1/11/2020,"1,515",1/4/2020,"9,536","1,108,618",0.86
Mississippi,1/18/2020,"1,135",1/11/2020,"8,804","1,108,618",0.79
Mississippi,1/25/2020,993,1/18/2020,"8,562","1,108,618",0.77
Mississippi,2/1/2020,963,1/25/2020,"8,674","1,108,618",0.78
Mississippi,2/8/2020,968,2/1/2020,"8,261","1,108,618",0.75
Mississippi,2/15/2020,861,2/8/2020,"8,216","1,108,618",0.74
Mississippi,2/22/2020,827,2/15/2020,"7,922","1,108,618",0.71
Mississippi,2/29/2020,744,2/22/2020,"7,842","1,108,618",0.71
Mississippi,3/7/2020,879,2/29/2020,"7,416","1,108,618",0.67
Mississippi,3/14/2020,"1,147",3/7/2020,"7,098","1,108,618",0.64
Mississippi,3/21/2020,"5,519",3/14/2020,"6,667","1,108,618",0.6
Mississippi,3/28/2020,"32,015",3/21/2020,"9,581","1,108,618",0.86
Mississippi,4/4/2020,"45,852",3/28/2020,"29,373","1,108,618",2.65
Mississippi,4/11/2020,"45,748",4/4/2020,"60,737","1,109,819",5.47
Mississippi,4/18/2020,"36,913",4/11/2020,"93,005","1,109,819",8.38
Mississippi,4/25/2020,"29,906",4/18/2020,"135,722","1,109,819",12.23
Mississippi,5/2/2020,"25,745",4/25/2020,"162,078","1,109,819",14.6
Mississippi,5/9/2020,"23,618",5/2/2020,"208,270","1,109,819",18.77
Mississippi,5/16/2020,"24,242",5/9/2020,"189,886","1,109,819",17.11
Missouri,1/4/2020,"7,474",12/28/2019,"29,785","2,745,404",1.08
Missouri,1/11/2020,"10,913",1/4/2020,"30,140","2,749,100",1.1
Missouri,1/18/2020,"4,938",1/11/2020,"29,945","2,749,100",1.09
Missouri,1/25/2020,"5,474",1/18/2020,"29,170","2,749,100",1.06
Missouri,2/1/2020,"4,801",1/25/2020,"29,854","2,749,100",1.09
Missouri,2/8/2020,"3,670",2/1/2020,"27,906","2,749,100",1.02
Missouri,2/15/2020,"3,363",2/8/2020,"27,362","2,749,100",1
Missouri,2/22/2020,"3,063",2/15/2020,"27,035","2,749,100",0.98
Missouri,2/29/2020,"2,732",2/22/2020,"26,949","2,749,100",0.98
Missouri,3/7/2020,"2,994",2/29/2020,"25,225","2,749,100",0.92
Missouri,3/14/2020,"4,016",3/7/2020,"22,381","2,749,100",0.81
Missouri,3/21/2020,"42,246",3/14/2020,"21,538","2,749,100",0.78
Missouri,3/28/2020,"104,291",3/21/2020,"49,470","2,749,100",1.8
Missouri,4/4/2020,"91,458",3/28/2020,"121,467","2,749,100",4.42
Missouri,4/11/2020,"102,126",4/4/2020,"178,710","2,794,254",6.4
Missouri,4/18/2020,"59,602",4/11/2020,"227,557","2,794,254",8.14
Missouri,4/25/2020,"55,299",4/18/2020,"255,798","2,794,254",9.15
Missouri,5/2/2020,"52,527",4/25/2020,"246,663","2,794,254",8.83
Missouri,5/9/2020,"31,145",5/2/2020,"266,230","2,794,254",9.53
Missouri,5/16/2020,"28,244",5/9/2020,"261,840","2,794,254",9.37
Montana,1/4/2020,"1,555",12/28/2019,"11,056","453,040",2.44
Montana,1/11/2020,"1,755",1/4/2020,"11,756","454,298",2.59
Montana,1/18/2020,"1,236",1/11/2020,"11,254","454,298",2.48
Montana,1/25/2020,922,1/18/2020,"11,830","454,298",2.6
Montana,2/1/2020,902,1/25/2020,"11,527","454,298",2.54
Montana,2/8/2020,935,2/1/2020,"11,489","454,298",2.53
Montana,2/15/2020,921,2/8/2020,"11,479","454,298",2.53
Montana,2/22/2020,795,2/15/2020,"11,308","454,298",2.49
Montana,2/29/2020,695,2/22/2020,"11,296","454,298",2.49
Montana,3/7/2020,714,2/29/2020,"10,782","454,298",2.37
Montana,3/14/2020,817,3/7/2020,"10,112","454,298",2.23
Montana,3/21/2020,"15,349",3/14/2020,"9,818","454,298",2.16
Montana,3/28/2020,"20,763",3/21/2020,"19,099","454,298",4.2
Montana,4/4/2020,"21,244",3/28/2020,"36,819","454,298",8.1
Montana,4/11/2020,"14,275",4/4/2020,"53,482","455,906",11.73
Montana,4/18/2020,"11,176",4/11/2020,"65,073","455,906",14.27
Montana,4/25/2020,"7,052",4/18/2020,"67,473","455,906",14.8
Montana,5/2/2020,"4,596",4/25/2020,"63,134","455,906",13.85
Montana,5/9/2020,"3,762",5/2/2020,"58,905","455,906",12.92
Montana,5/16/2020,"3,660",5/9/2020,"53,786","455,906",11.8
North Carolina,1/4/2020,"3,508",12/28/2019,"20,848","4,362,309",0.48
North Carolina,1/11/2020,"4,628",1/4/2020,"21,239","4,381,417",0.48
North Carolina,1/18/2020,"4,217",1/11/2020,"22,247","4,381,417",0.51
North Carolina,1/25/2020,"3,344",1/18/2020,"22,415","4,381,417",0.51
North Carolina,2/1/2020,"3,611",1/25/2020,"22,342","4,381,417",0.51
North Carolina,2/8/2020,"3,326",2/1/2020,"22,044","4,381,417",0.5
North Carolina,2/15/2020,"3,094",2/8/2020,"21,972","4,381,417",0.5
North Carolina,2/22/2020,"2,852",2/15/2020,"21,630","4,381,417",0.49
North Carolina,2/29/2020,"1,767",2/22/2020,"21,188","4,381,417",0.48
North Carolina,3/7/2020,"2,575",2/29/2020,"20,196","4,381,417",0.46
North Carolina,3/14/2020,"3,533",3/7/2020,"19,683","4,381,417",0.45
North Carolina,3/21/2020,"94,083",3/14/2020,"20,652","4,381,417",0.47
North Carolina,3/28/2020,"172,145",3/21/2020,"75,220","4,381,417",1.72
North Carolina,4/4/2020,"137,422",3/28/2020,"245,692","4,381,417",5.61
North Carolina,4/11/2020,"140,155",4/4/2020,"362,989","4,402,750",8.24
North Carolina,4/18/2020,"106,266",4/11/2020,"468,283","4,402,750",10.64
North Carolina,4/25/2020,"98,941",4/18/2020,"555,039","4,402,750",12.61
North Carolina,5/2/2020,"85,956",4/25/2020,"591,045","4,402,750",13.42
North Carolina,5/9/2020,"57,354",5/2/2020,"619,809","4,402,750",14.08
North Carolina,5/16/2020,"46,913",5/9/2020,"605,709","4,402,750",13.76
North Dakota,1/4/2020,836,12/28/2019,"5,785","409,901",1.41
North Dakota,1/11/2020,"1,530",1/4/2020,"6,171","411,624",1.5
North Dakota,1/18/2020,785,1/11/2020,"6,809","411,624",1.65
North Dakota,1/25/2020,543,1/18/2020,"7,179","411,624",1.74
North Dakota,2/1/2020,447,1/25/2020,"6,782","411,624",1.65
North Dakota,2/8/2020,526,2/1/2020,"6,838","411,624",1.66
North Dakota,2/15/2020,457,2/8/2020,"6,924","411,624",1.68
North Dakota,2/22/2020,435,2/15/2020,"6,886","411,624",1.67
North Dakota,2/29/2020,363,2/22/2020,"6,795","411,624",1.65
North Dakota,3/7/2020,423,2/29/2020,"6,543","411,624",1.59
North Dakota,3/14/2020,415,3/7/2020,"6,349","411,624",1.54
North Dakota,3/21/2020,"5,662",3/14/2020,"6,169","411,624",1.5
North Dakota,3/28/2020,"11,818",3/21/2020,"8,534","411,624",2.07
North Dakota,4/4/2020,"15,125",3/28/2020,"16,036","411,624",3.9
North Dakota,4/11/2020,"9,502",4/4/2020,"24,554","412,797",5.95
North Dakota,4/18/2020,"8,065",4/11/2020,"33,563","412,797",8.13
North Dakota,4/25/2020,"6,274",4/18/2020,"35,513","412,797",8.6
North Dakota,5/2/2020,"4,044",4/25/2020,"35,827","412,797",8.68
North Dakota,5/9/2020,"2,753",5/2/2020,"35,921","412,797",8.7
North Dakota,5/16/2020,"2,619",5/9/2020,"32,399","412,797",7.85
Nebraska,1/4/2020,"1,099",12/28/2019,"5,165","963,465",0.54
Nebraska,1/11/2020,"1,171",1/4/2020,"5,694","962,725",0.59
Nebraska,1/18/2020,988,1/11/2020,"4,940","962,725",0.51
Nebraska,1/25/2020,960,1/18/2020,"5,107","962,725",0.53
Nebraska,2/1/2020,833,1/25/2020,"5,884","962,725",0.61
Nebraska,2/8/2020,675,2/1/2020,"5,693","962,725",0.59
Nebraska,2/15/2020,537,2/8/2020,"5,804","962,725",0.6
Nebraska,2/22/2020,493,2/15/2020,"5,780","962,725",0.6
Nebraska,2/29/2020,502,2/22/2020,"6,286","962,725",0.65
Nebraska,3/7/2020,501,2/29/2020,"5,581","962,725",0.58
Nebraska,3/14/2020,795,3/7/2020,"5,076","962,725",0.53
Nebraska,3/21/2020,"15,700",3/14/2020,"4,859","962,725",0.5
Nebraska,3/28/2020,"24,725",3/21/2020,"16,641","962,725",1.73
Nebraska,4/4/2020,"27,054",3/28/2020,"38,921","962,725",4.04
Nebraska,4/11/2020,"16,279",4/4/2020,"60,416","965,476",6.26
Nebraska,4/18/2020,"12,222",4/11/2020,"72,078","965,476",7.47
Nebraska,4/25/2020,"8,229",4/18/2020,"76,628","965,476",7.94
Nebraska,5/2/2020,"6,418",4/25/2020,"68,882","965,476",7.13
Nebraska,5/9/2020,"6,362",5/2/2020,"68,089","965,476",7.05
Nebraska,5/16/2020,"5,839",5/9/2020,"62,962","963,512",6.53
New Hampshire,1/4/2020,690,12/28/2019,"4,468","652,934",0.68
New Hampshire,1/11/2020,722,1/4/2020,"4,575","654,468",0.7
New Hampshire,1/18/2020,613,1/11/2020,"4,215","654,468",0.64
New Hampshire,1/25/2020,577,1/18/2020,"4,202","654,468",0.64
New Hampshire,2/1/2020,456,1/25/2020,"4,033","654,468",0.62
New Hampshire,2/8/2020,507,2/1/2020,"4,050","654,468",0.62
New Hampshire,2/15/2020,424,2/8/2020,"4,015","654,468",0.61
New Hampshire,2/22/2020,444,2/15/2020,"3,936","654,468",0.6
New Hampshire,2/29/2020,894,2/22/2020,"4,048","654,468",0.62
New Hampshire,3/7/2020,495,2/29/2020,"4,475","654,468",0.68
New Hampshire,3/14/2020,642,3/7/2020,"3,909","654,468",0.6
New Hampshire,3/21/2020,"29,379",3/14/2020,"4,024","654,468",0.61
New Hampshire,3/28/2020,"31,378",3/21/2020,"27,321","654,468",4.17
New Hampshire,4/4/2020,"39,202",3/28/2020,"52,166","654,468",7.97
New Hampshire,4/11/2020,"25,273",4/4/2020,"79,979","649,845",12.31
New Hampshire,4/18/2020,"20,414",4/11/2020,"93,783","649,845",14.43
New Hampshire,4/25/2020,"15,001",4/18/2020,"106,841","649,845",16.44
New Hampshire,5/2/2020,"12,475",4/25/2020,"115,580","649,845",17.79
New Hampshire,5/9/2020,"10,016",5/2/2020,"116,768","649,845",17.97
New Hampshire,5/16/2020,"8,794",5/9/2020,"114,450","649,845",17.61
New Jersey,1/4/2020,"15,325",12/28/2019,"111,335","4,007,202",2.78
New Jersey,1/11/2020,"13,469",1/4/2020,"120,461","4,015,146",3
New Jersey,1/18/2020,"10,728",1/11/2020,"108,425","4,015,146",2.7
New Jersey,1/25/2020,"9,325",1/18/2020,"107,082","4,015,146",2.67
New Jersey,2/1/2020,"8,304",1/25/2020,"110,022","4,015,146",2.74
New Jersey,2/8/2020,"9,288",2/1/2020,"109,931","4,015,146",2.74
New Jersey,2/15/2020,"8,550",2/8/2020,"110,016","4,015,146",2.74
New Jersey,2/22/2020,"8,396",2/15/2020,"109,265","4,015,146",2.72
New Jersey,2/29/2020,"7,773",2/22/2020,"110,902","4,015,146",2.76
New Jersey,3/7/2020,"7,996",2/29/2020,"107,646","4,015,146",2.68
New Jersey,3/14/2020,"9,467",3/7/2020,"104,283","4,015,146",2.6
New Jersey,3/21/2020,"115,815",3/14/2020,"105,840","4,015,146",2.64
New Jersey,3/28/2020,"206,253",3/21/2020,"156,181","4,015,146",3.89
New Jersey,4/4/2020,"214,836",3/28/2020,"276,119","4,015,146",6.88
New Jersey,4/11/2020,"141,420",4/4/2020,"429,388","4,025,826",10.67
New Jersey,4/18/2020,"140,139",4/11/2020,"556,005","4,025,826",13.81
New Jersey,4/25/2020,"71,966",4/18/2020,"621,753","4,025,826",15.44
New Jersey,5/2/2020,"88,326",4/25/2020,"642,651","4,025,826",15.96
New Jersey,5/9/2020,"69,689",5/2/2020,"715,433","4,025,826",17.77
New Jersey,5/16/2020,"42,365",5/9/2020,"601,770","4,025,826",14.95
New Mexico,1/4/2020,799,12/28/2019,"10,140","796,105",1.27
New Mexico,1/11/2020,"1,194",1/4/2020,"10,310","799,085",1.29
New Mexico,1/18/2020,947,1/11/2020,"9,920","799,085",1.24
New Mexico,1/25/2020,764,1/18/2020,"10,137","799,085",1.27
New Mexico,2/1/2020,784,1/25/2020,"10,066","799,085",1.26
New Mexico,2/8/2020,873,2/1/2020,"9,965","799,085",1.25
New Mexico,2/15/2020,725,2/8/2020,"9,987","799,085",1.25
New Mexico,2/22/2020,737,2/15/2020,"10,051","799,085",1.26
New Mexico,2/29/2020,681,2/22/2020,"10,039","799,085",1.26
New Mexico,3/7/2020,690,2/29/2020,"9,845","799,085",1.23
New Mexico,3/14/2020,869,3/7/2020,"9,566","799,085",1.2
New Mexico,3/21/2020,"18,105",3/14/2020,"9,288","799,085",1.16
New Mexico,3/28/2020,"27,849",3/21/2020,"20,087","799,085",2.51
New Mexico,4/4/2020,"26,132",3/28/2020,"44,829","799,085",5.61
New Mexico,4/11/2020,"19,043",4/4/2020,"62,686","802,978",7.81
New Mexico,4/18/2020,"13,621",4/11/2020,"80,986","802,978",10.09
New Mexico,4/25/2020,"12,093",4/18/2020,"94,149","802,978",11.72
New Mexico,5/2/2020,"13,675",4/25/2020,"96,157","802,978",11.98
New Mexico,5/9/2020,"8,024",5/2/2020,"101,132","802,978",12.59
New Mexico,5/16/2020,"7,356",5/9/2020,"103,949","802,978",12.95
Nevada,1/4/2020,"2,264",12/28/2019,"20,801","1,362,256",1.53
Nevada,1/11/2020,"2,792",1/4/2020,"19,823","1,371,969",1.44
Nevada,1/18/2020,"2,451",1/11/2020,"19,328","1,371,969",1.41
Nevada,1/25/2020,"2,101",1/18/2020,"19,025","1,371,969",1.39
Nevada,2/1/2020,"2,286",1/25/2020,"19,177","1,371,969",1.4
Nevada,2/8/2020,"2,794",2/1/2020,"19,225","1,371,969",1.4
Nevada,2/15/2020,"2,543",2/8/2020,"19,585","1,371,969",1.43
Nevada,2/22/2020,"2,052",2/15/2020,"19,472","1,371,969",1.42
Nevada,2/29/2020,"2,324",2/22/2020,"20,044","1,371,969",1.46
Nevada,3/7/2020,"2,309",2/29/2020,"19,850","1,371,969",1.45
Nevada,3/14/2020,"6,356",3/7/2020,"19,475","1,371,969",1.42
Nevada,3/21/2020,"92,298",3/14/2020,"19,822","1,371,969",1.44
Nevada,3/28/2020,"71,942",3/21/2020,"58,798","1,371,969",4.29
Nevada,4/4/2020,"79,285",3/28/2020,"131,121","1,371,969",9.56
Nevada,4/11/2020,"58,641",4/4/2020,"189,007","1,379,654",13.7
Nevada,4/18/2020,"39,496",4/11/2020,"231,618","1,379,654",16.79
Nevada,4/25/2020,"42,541",4/18/2020,"274,850","1,379,654",19.92
Nevada,5/2/2020,"28,550",4/25/2020,"303,573","1,379,654",22
Nevada,5/9/2020,"21,635",5/2/2020,"324,444","1,379,654",23.52
Nevada,5/16/2020,"17,837",5/9/2020,"369,041","1,379,654",26.75
New York,1/4/2020,"44,846",12/28/2019,"181,668","9,351,620",1.94
New York,1/11/2020,"23,314",1/4/2020,"184,283","9,380,736",1.96
New York,1/18/2020,"17,823",1/11/2020,"164,588","9,380,736",1.75
New York,1/25/2020,"15,022",1/18/2020,"164,044","9,380,736",1.75
New York,2/1/2020,"16,545",1/25/2020,"165,715","9,380,736",1.77
New York,2/8/2020,"15,010",2/1/2020,"163,393","9,380,736",1.74
New York,2/15/2020,"14,333",2/8/2020,"164,111","9,380,736",1.75
New York,2/22/2020,"14,144",2/15/2020,"163,220","9,380,736",1.74
New York,2/29/2020,"31,208",2/22/2020,"182,691","9,380,736",1.95
New York,3/7/2020,"14,035",2/29/2020,"161,892","9,380,736",1.73
New York,3/14/2020,"14,272",3/7/2020,"158,268","9,380,736",1.69
New York,3/21/2020,"79,999",3/14/2020,"167,214","9,380,736",1.78
New York,3/28/2020,"366,595",3/21/2020,"314,710","9,380,736",3.35
New York,4/4/2020,"344,451",3/28/2020,"712,544","9,380,736",7.6
New York,4/11/2020,"394,701",4/4/2020,"1,121,191","9,408,510",11.92
New York,4/18/2020,"205,184",4/11/2020,"1,354,496","9,408,510",14.4
New York,4/25/2020,"219,413",4/18/2020,"1,616,809","9,408,510",17.18
New York,5/2/2020,"195,110",4/25/2020,"1,749,571","9,408,510",18.6
New York,5/9/2020,"199,419",5/2/2020,"1,846,154","9,408,510",19.62
New York,5/16/2020,"223,962",5/9/2020,"1,873,935","9,408,510",19.92
Ohio,1/4/2020,"10,759",12/28/2019,"73,287","5,327,431",1.38
Ohio,1/11/2020,"9,957",1/4/2020,"78,391","5,338,723",1.47
Ohio,1/18/2020,"7,865",1/11/2020,"72,855","5,338,723",1.36
Ohio,1/25/2020,"8,086",1/18/2020,"72,002","5,338,723",1.35
Ohio,2/1/2020,"7,329",1/25/2020,"72,622","5,338,723",1.36
Ohio,2/8/2020,"6,825",2/1/2020,"71,442","5,338,723",1.34
Ohio,2/15/2020,"6,532",2/8/2020,"71,214","5,338,723",1.33
Ohio,2/22/2020,"6,208",2/15/2020,"70,924","5,338,723",1.33
Ohio,2/29/2020,"9,916",2/22/2020,"70,655","5,338,723",1.32
Ohio,3/7/2020,"6,545",2/29/2020,"73,123","5,338,723",1.37
Ohio,3/14/2020,"7,046",3/7/2020,"68,516","5,338,723",1.28
Ohio,3/21/2020,"196,309",3/14/2020,"68,323","5,338,723",1.28
Ohio,3/28/2020,"274,288",3/21/2020,"214,273","5,338,723",4.01
Ohio,4/4/2020,"226,191",3/28/2020,"450,061","5,338,723",8.43
Ohio,4/11/2020,"159,317",4/4/2020,"622,669","5,346,565",11.65
Ohio,4/18/2020,"109,830",4/11/2020,"717,842","5,346,565",13.43
Ohio,4/25/2020,"93,599",4/18/2020,"777,214","5,346,565",14.54
Ohio,5/2/2020,"61,487",4/25/2020,"759,435","5,346,565",14.2
Ohio,5/9/2020,"52,255",5/2/2020,"745,886","5,346,565",13.95
Ohio,5/16/2020,"46,862",5/9/2020,"704,784","5,346,565",13.18
Oklahoma,1/4/2020,"2,943",12/28/2019,"18,080","1,560,077",1.16
Oklahoma,1/11/2020,"2,034",1/4/2020,"19,387","1,565,634",1.24
Oklahoma,1/18/2020,"1,981",1/11/2020,"17,467","1,565,634",1.12
Oklahoma,1/25/2020,"1,830",1/18/2020,"17,291","1,565,634",1.1
Oklahoma,2/1/2020,"1,779",1/25/2020,"17,451","1,565,634",1.11
Oklahoma,2/8/2020,"1,715",2/1/2020,"17,757","1,565,634",1.13
Oklahoma,2/15/2020,"1,633",2/8/2020,"17,513","1,565,634",1.12
Oklahoma,2/22/2020,"1,509",2/15/2020,"17,269","1,565,634",1.1
Oklahoma,2/29/2020,"1,458",2/22/2020,"16,929","1,565,634",1.08
Oklahoma,3/7/2020,"1,569",2/29/2020,"17,067","1,565,634",1.09
Oklahoma,3/14/2020,"1,836",3/7/2020,"16,482","1,565,634",1.05
Oklahoma,3/21/2020,"21,926",3/14/2020,"16,854","1,565,634",1.08
Oklahoma,3/28/2020,"47,744",3/21/2020,"25,268","1,565,634",1.61
Oklahoma,4/4/2020,"60,534",3/28/2020,"55,029","1,565,634",3.51
Oklahoma,4/11/2020,"54,481",4/4/2020,"88,330","1,568,967",5.63
Oklahoma,4/18/2020,"46,696",4/11/2020,"112,311","1,568,967",7.16
Oklahoma,4/25/2020,"52,500",4/18/2020,"134,550","1,568,967",8.58
Oklahoma,5/2/2020,"93,885",4/25/2020,"154,671","1,568,967",9.86
Oklahoma,5/9/2020,"39,079",5/2/2020,"178,122","1,568,967",11.35
Oklahoma,5/16/2020,"33,440",5/9/2020,"135,229","1,568,967",8.62
Oregon,1/4/2020,"6,714",12/28/2019,"35,451","1,898,680",1.87
Oregon,1/11/2020,"6,215",1/4/2020,"36,039","1,906,429",1.89
Oregon,1/18/2020,"4,051",1/11/2020,"31,604","1,906,429",1.66
Oregon,1/25/2020,"4,457",1/18/2020,"32,306","1,906,429",1.69
Oregon,2/1/2020,"4,853",1/25/2020,"31,876","1,906,429",1.67
Oregon,2/8/2020,"4,953",2/1/2020,"31,658","1,906,429",1.66
Oregon,2/15/2020,"4,284",2/8/2020,"31,167","1,906,429",1.63
Oregon,2/22/2020,"3,514",2/15/2020,"30,548","1,906,429",1.6
Oregon,2/29/2020,"3,936",2/22/2020,"30,165","1,906,429",1.58
Oregon,3/7/2020,"4,154",2/29/2020,"29,517","1,906,429",1.55
Oregon,3/14/2020,"4,269",3/7/2020,"29,002","1,906,429",1.52
Oregon,3/21/2020,"30,054",3/14/2020,"30,523","1,906,429",1.6
Oregon,3/28/2020,"47,498",3/21/2020,"63,930","1,906,429",3.35
Oregon,4/4/2020,"62,788",3/28/2020,"118,729","1,906,429",6.23
Oregon,4/11/2020,"54,581",4/4/2020,"176,154","1,914,153",9.2
Oregon,4/18/2020,"37,209",4/11/2020,"217,039","1,914,153",11.34
Oregon,4/25/2020,"49,300",4/18/2020,"284,486","1,914,153",14.86
Oregon,5/2/2020,"48,120",4/25/2020,"308,989","1,914,153",16.14
Oregon,5/9/2020,"33,936",5/2/2020,"309,543","1,914,153",16.17
Oregon,5/16/2020,"23,539",5/9/2020,"290,151","1,914,153",15.16
Pennsylvania,1/4/2020,"27,298",12/28/2019,"135,411","5,787,653",2.34
Pennsylvania,1/11/2020,"26,356",1/4/2020,"163,882","5,800,562",2.83
Pennsylvania,1/18/2020,"16,218",1/11/2020,"142,326","5,800,562",2.45
Pennsylvania,1/25/2020,"13,359",1/18/2020,"140,027","5,800,562",2.41
Pennsylvania,2/1/2020,"15,893",1/25/2020,"135,951","5,800,562",2.34
Pennsylvania,2/8/2020,"14,425",2/1/2020,"142,004","5,800,562",2.45
Pennsylvania,2/15/2020,"13,583",2/8/2020,"136,149","5,800,562",2.35
Pennsylvania,2/22/2020,"12,631",2/15/2020,"142,306","5,800,562",2.45
Pennsylvania,2/29/2020,"12,045",2/22/2020,"135,095","5,800,562",2.33
Pennsylvania,3/7/2020,"12,227",2/29/2020,"136,931","5,800,562",2.36
Pennsylvania,3/14/2020,"15,439",3/7/2020,"128,842","5,800,562",2.22
Pennsylvania,3/21/2020,"377,451",3/14/2020,"128,029","5,800,562",2.21
Pennsylvania,3/28/2020,"404,677",3/21/2020,"135,708","5,800,562",2.34
Pennsylvania,4/4/2020,"277,640",3/28/2020,"566,464","5,800,562",9.77
Pennsylvania,4/11/2020,"234,868",4/4/2020,"614,196","5,814,461",10.56
Pennsylvania,4/18/2020,"194,594",4/11/2020,"1,074,660","5,814,461",18.48
Pennsylvania,4/25/2020,"127,896",4/18/2020,"915,249","5,814,461",15.74
Pennsylvania,5/2/2020,"94,445",4/25/2020,"1,233,299","5,814,461",21.21
Pennsylvania,5/9/2020,"73,688",5/2/2020,"1,049,464","5,814,461",18.05
Pennsylvania,5/16/2020,"62,516",5/9/2020,"1,008,886","5,814,461",17.35
Puerto Rico,1/4/2020,853,12/28/2019,"17,194","848,044",2.03
Puerto Rico,1/11/2020,836,1/4/2020,"15,746","852,292",1.85
Puerto Rico,1/18/2020,"3,124",1/11/2020,"22,291","852,292",2.62
Puerto Rico,1/25/2020,"2,335",1/18/2020,"22,725","852,292",2.67
Puerto Rico,2/1/2020,"1,998",1/25/2020,"23,857","852,292",2.8
Puerto Rico,2/8/2020,"1,770",2/1/2020,"23,157","852,292",2.72
Puerto Rico,2/15/2020,"1,588",2/8/2020,"21,114","852,292",2.48
Puerto Rico,2/22/2020,"1,390",2/15/2020,"20,765","852,292",2.44
Puerto Rico,2/29/2020,"1,296",2/22/2020,"19,480","852,292",2.29
Puerto Rico,3/7/2020,"1,343",2/29/2020,"18,657","852,292",2.19
Puerto Rico,3/14/2020,"1,172",3/7/2020,"18,704","852,292",2.19
Puerto Rico,3/21/2020,"20,148",3/14/2020,"15,239","852,292",1.79
Puerto Rico,3/28/2020,"45,394",3/21/2020,"19,230","852,292",2.26
Puerto Rico,4/4/2020,"66,555",3/28/2020,"49,669","852,292",5.83
Puerto Rico,4/11/2020,"42,074",4/4/2020,"86,474","856,124",10.1
Puerto Rico,4/18/2020,"26,481",4/11/2020,"109,672","856,124",12.81
Puerto Rico,4/25/2020,"17,286",4/18/2020,"153,421","856,124",17.92
Puerto Rico,5/2/2020,"21,886",4/25/2020,"145,140","856,124",16.95
Puerto Rico,5/9/2020,"15,067",5/2/2020,"164,034","856,124",19.16
Puerto Rico,5/16/2020,"10,923",5/9/2020,"152,823","856,124",17.85
Rhode Island,1/4/2020,"1,972",12/28/2019,"12,109","471,911",2.57
Rhode Island,1/11/2020,"1,817",1/4/2020,"12,299","472,874",2.6
Rhode Island,1/18/2020,"1,194",1/11/2020,"10,987","472,874",2.32
Rhode Island,1/25/2020,"1,048",1/18/2020,"10,750","472,874",2.27
Rhode Island,2/1/2020,971,1/25/2020,"11,042","472,874",2.34
Rhode Island,2/8/2020,959,2/1/2020,"11,051","472,874",2.34
Rhode Island,2/15/2020,996,2/8/2020,"11,164","472,874",2.36
Rhode Island,2/22/2020,"1,921",2/15/2020,"11,199","472,874",2.37
Rhode Island,2/29/2020,874,2/22/2020,"12,384","472,874",2.62
Rhode Island,3/7/2020,700,2/29/2020,"11,130","472,874",2.35
Rhode Island,3/14/2020,"1,108",3/7/2020,"10,692","472,874",2.26
Rhode Island,3/21/2020,"35,847",3/14/2020,"10,857","472,874",2.3
Rhode Island,3/28/2020,"27,800",3/21/2020,"31,847","472,874",6.73
Rhode Island,4/4/2020,"28,243",3/28/2020,"56,038","472,874",11.85
Rhode Island,4/11/2020,"22,509",4/4/2020,"70,935","473,597",14.98
Rhode Island,4/18/2020,"18,078",4/11/2020,"79,140","473,597",16.71
Rhode Island,4/25/2020,"13,084",4/18/2020,"96,663","473,597",20.41
Rhode Island,5/2/2020,"9,088",4/25/2020,"97,573","473,597",20.6
Rhode Island,5/9/2020,"6,245",5/2/2020,"94,083","473,597",19.87
Rhode Island,5/16/2020,"3,883",5/9/2020,"89,247","473,597",18.84
South Carolina,1/4/2020,"7,471",12/28/2019,"18,922","2,070,232",0.91
South Carolina,1/11/2020,"4,629",1/4/2020,"21,587","2,077,535",1.04
South Carolina,1/18/2020,"3,126",1/11/2020,"18,780","2,077,535",0.9
South Carolina,1/25/2020,"2,248",1/18/2020,"17,113","2,077,535",0.82
South Carolina,2/1/2020,"2,099",1/25/2020,"17,061","2,077,535",0.82
South Carolina,2/8/2020,"2,054",2/1/2020,"16,669","2,077,535",0.8
South Carolina,2/15/2020,"2,088",2/8/2020,"16,547","2,077,535",0.8
South Carolina,2/22/2020,"1,824",2/15/2020,"16,239","2,077,535",0.78
South Carolina,2/29/2020,"1,977",2/22/2020,"15,779","2,077,535",0.76
South Carolina,3/7/2020,"1,889",2/29/2020,"15,341","2,077,535",0.74
South Carolina,3/14/2020,"2,093",3/7/2020,"15,032","2,077,535",0.72
South Carolina,3/21/2020,"31,826",3/14/2020,"15,111","2,077,535",0.73
South Carolina,3/28/2020,"66,475",3/21/2020,"30,341","2,077,535",1.46
South Carolina,4/4/2020,"86,573",3/28/2020,"75,521","2,077,535",3.64
South Carolina,4/11/2020,"89,147",4/4/2020,"126,994","2,087,060",6.08
South Carolina,4/18/2020,"74,362",4/11/2020,"179,769","2,087,060",8.61
South Carolina,4/25/2020,"66,438",4/18/2020,"240,956","2,087,060",11.55
South Carolina,5/2/2020,"47,673",4/25/2020,"260,409","2,087,060",12.48
South Carolina,5/9/2020,"33,191",5/2/2020,"268,701","2,087,060",12.87
South Carolina,5/16/2020,"29,899",5/9/2020,"256,676","2,087,060",12.3
South Dakota,1/4/2020,398,12/28/2019,"2,798","416,296",0.67
South Dakota,1/11/2020,468,1/4/2020,"2,970","417,030",0.71
South Dakota,1/18/2020,338,1/11/2020,"2,995","417,030",0.72
South Dakota,1/25/2020,291,1/18/2020,"3,071","417,030",0.74
South Dakota,2/1/2020,217,1/25/2020,"3,155","417,030",0.76
South Dakota,2/8/2020,223,2/1/2020,"3,117","417,030",0.75
South Dakota,2/15/2020,194,2/8/2020,"3,196","417,030",0.77
South Dakota,2/22/2020,191,2/15/2020,"3,164","417,030",0.76
South Dakota,2/29/2020,159,2/22/2020,"3,116","417,030",0.75
South Dakota,3/7/2020,185,2/29/2020,"3,059","417,030",0.73
South Dakota,3/14/2020,190,3/7/2020,"2,870","417,030",0.69
South Dakota,3/21/2020,"1,761",3/14/2020,"2,674","417,030",0.64
South Dakota,3/28/2020,"6,801",3/21/2020,"3,538","417,030",0.85
South Dakota,4/4/2020,"8,138",3/28/2020,"7,568","417,030",1.81
South Dakota,4/11/2020,"6,359",4/4/2020,"14,431","417,997",3.45
South Dakota,4/18/2020,"5,295",4/11/2020,"19,664","417,997",4.7
South Dakota,4/25/2020,"5,535",4/18/2020,"22,707","417,997",5.43
South Dakota,5/2/2020,"3,929",4/25/2020,"23,791","417,997",5.69
South Dakota,5/9/2020,"5,269",5/2/2020,"23,388","417,997",5.6
South Dakota,5/16/2020,"3,891",5/9/2020,"25,186","417,997",6.03
Tennessee,1/4/2020,"3,084",12/28/2019,"22,163","3,250,062",0.68
Tennessee,1/11/2020,"3,711",1/4/2020,"22,398","3,263,988",0.69
Tennessee,1/18/2020,"3,093",1/11/2020,"20,441","3,263,988",0.63
Tennessee,1/25/2020,"2,484",1/18/2020,"20,786","3,263,988",0.64
Tennessee,2/1/2020,"2,362",1/25/2020,"21,364","3,263,988",0.65
Tennessee,2/8/2020,"2,161",2/1/2020,"20,670","3,263,988",0.63
Tennessee,2/15/2020,"2,140",2/8/2020,"20,485","3,263,988",0.63
Tennessee,2/22/2020,"1,855",2/15/2020,"20,139","3,263,988",0.62
Tennessee,2/29/2020,"2,014",2/22/2020,"20,413","3,263,988",0.63
Tennessee,3/7/2020,"2,032",2/29/2020,"19,035","3,263,988",0.58
Tennessee,3/14/2020,"2,702",3/7/2020,"18,450","3,263,988",0.57
Tennessee,3/21/2020,"38,077",3/14/2020,"18,350","3,263,988",0.56
Tennessee,3/28/2020,"92,500",3/21/2020,"37,541","3,263,988",1.15
Tennessee,4/4/2020,"112,186",3/28/2020,"116,179","3,263,988",3.56
Tennessee,4/11/2020,"71,887",4/4/2020,"206,472","3,278,927",6.3
Tennessee,4/18/2020,"67,226",4/11/2020,"279,895","3,278,927",8.54
Tennessee,4/25/2020,"42,805",4/18/2020,"341,033","3,278,927",10.4
Tennessee,5/2/2020,"36,323",4/25/2020,"340,249","3,278,927",10.38
Tennessee,5/9/2020,"28,377",5/2/2020,"343,212","3,278,927",10.47
Tennessee,5/16/2020,"27,990",5/9/2020,"332,745","3,278,927",10.15
Texas,1/4/2020,"12,367",12/28/2019,"141,473","12,168,097",1.16
Texas,1/11/2020,"21,902",1/4/2020,"140,768","12,236,594",1.15
Texas,1/18/2020,"15,783",1/11/2020,"145,126","12,236,594",1.19
Texas,1/25/2020,"13,070",1/18/2020,"132,656","12,236,594",1.08
Texas,2/1/2020,"13,818",1/25/2020,"140,826","12,236,594",1.15
Texas,2/8/2020,"13,869",2/1/2020,"128,666","12,236,594",1.05
Texas,2/15/2020,"12,790",2/8/2020,"133,475","12,236,594",1.09
Texas,2/22/2020,"12,047",2/15/2020,"127,275","12,236,594",1.04
Texas,2/29/2020,"12,692",2/22/2020,"133,247","12,236,594",1.09
Texas,3/7/2020,"14,355",2/29/2020,"125,252","12,236,594",1.02
Texas,3/14/2020,"16,176",3/7/2020,"127,905","12,236,594",1.05
Texas,3/21/2020,"155,426",3/14/2020,"126,427","12,236,594",1.03
Texas,3/28/2020,"276,185",3/21/2020,"144,697","12,236,594",1.18
Texas,4/4/2020,"315,167",3/28/2020,"374,656","12,236,594",3.06
Texas,4/11/2020,"274,257",4/4/2020,"632,470","12,304,547",5.14
Texas,4/18/2020,"280,761",4/11/2020,"911,923","12,304,547",7.41
Texas,4/25/2020,"254,084",4/18/2020,"962,122","12,304,547",7.82
Texas,5/2/2020,"243,935",4/25/2020,"1,133,324","12,304,547",9.21
Texas,5/9/2020,"141,553",5/2/2020,"1,181,609","12,304,547",9.6
Texas,5/16/2020,"134,065",5/9/2020,"1,300,576","12,304,547",10.57
Utah,1/4/2020,"1,518",12/28/2019,"11,328","1,454,279",0.78
Utah,1/11/2020,"1,834",1/4/2020,"11,787","1,459,679",0.81
Utah,1/18/2020,"1,458",1/11/2020,"12,061","1,459,679",0.83
Utah,1/25/2020,"1,271",1/18/2020,"12,061","1,459,679",0.83
Utah,2/1/2020,"1,290",1/25/2020,"11,872","1,459,679",0.81
Utah,2/8/2020,"1,303",2/1/2020,"12,187","1,459,679",0.83
Utah,2/15/2020,"1,097",2/8/2020,"12,131","1,459,679",0.83
Utah,2/22/2020,"1,008",2/15/2020,"11,960","1,459,679",0.82
Utah,2/29/2020,885,2/22/2020,"11,451","1,459,679",0.78
Utah,3/7/2020,"1,015",2/29/2020,"11,077","1,459,679",0.76
Utah,3/14/2020,"1,305",3/7/2020,"10,701","1,459,679",0.73
Utah,3/21/2020,"19,690",3/14/2020,"10,826","1,459,679",0.74
Utah,3/28/2020,"28,532",3/21/2020,"24,635","1,459,679",1.69
Utah,4/4/2020,"33,040",3/28/2020,"45,161","1,459,679",3.09
Utah,4/11/2020,"24,515",4/4/2020,"72,798","1,474,336",4.94
Utah,4/18/2020,"19,649",4/11/2020,"88,281","1,474,336",5.99
Utah,4/25/2020,"11,738",4/18/2020,"89,495","1,474,336",6.07
Utah,5/2/2020,"8,992",4/25/2020,"92,872","1,474,336",6.3
Utah,5/9/2020,"7,076",5/2/2020,"91,591","1,474,336",6.21
Utah,5/16/2020,"6,228",5/9/2020,"86,298","1,474,336",5.85
Vermont,1/4/2020,680,12/28/2019,"5,417","303,175",1.79
Vermont,1/11/2020,649,1/4/2020,"5,609","303,508",1.85
Vermont,1/18/2020,755,1/11/2020,"4,961","303,508",1.63
Vermont,1/25/2020,518,1/18/2020,"4,986","303,508",1.64
Vermont,2/1/2020,481,1/25/2020,"5,006","303,508",1.65
Vermont,2/8/2020,475,2/1/2020,"4,824","303,508",1.59
Vermont,2/15/2020,543,2/8/2020,"4,931","303,508",1.62
Vermont,2/22/2020,610,2/15/2020,"4,872","303,508",1.61
Vermont,2/29/2020,863,2/22/2020,"5,039","303,508",1.66
Vermont,3/7/2020,446,2/29/2020,"5,219","303,508",1.72
Vermont,3/14/2020,659,3/7/2020,"4,896","303,508",1.61
Vermont,3/21/2020,"3,784",3/14/2020,"4,810","303,508",1.58
Vermont,3/28/2020,"14,633",3/21/2020,"13,797","303,508",4.55
Vermont,4/4/2020,"16,474",3/28/2020,"21,953","303,508",7.23
Vermont,4/11/2020,"9,662",4/4/2020,"31,204","303,379",10.29
Vermont,4/18/2020,"6,598",4/11/2020,"64,313","303,379",21.2
Vermont,4/25/2020,"5,117",4/18/2020,"76,457","303,379",25.2
Vermont,5/2/2020,"3,875",4/25/2020,"60,535","303,379",19.95
Vermont,5/9/2020,"2,913",5/2/2020,"57,040","303,379",18.8
Vermont,5/16/2020,"2,199",5/9/2020,"55,103","303,379",18.16
Virgin Islands,1/4/2020,10,12/28/2019,468,"33,306",1.41
Virgin Islands,1/11/2020,24,1/4/2020,534,"34,238",1.56
Virgin Islands,1/18/2020,40,1/11/2020,562,"34,238",1.64
Virgin Islands,1/25/2020,44,1/18/2020,552,"34,238",1.61
Virgin Islands,2/1/2020,35,1/25/2020,516,"34,238",1.51
Virgin Islands,2/8/2020,45,2/1/2020,522,"34,238",1.52
Virgin Islands,2/15/2020,40,2/8/2020,508,"34,238",1.48
Virgin Islands,2/22/2020,55,2/15/2020,508,"34,238",1.48
Virgin Islands,2/29/2020,37,2/22/2020,562,"34,238",1.64
Virgin Islands,3/7/2020,64,2/29/2020,586,"34,238",1.71
Virgin Islands,3/14/2020,44,3/7/2020,592,"34,238",1.73
Virgin Islands,3/21/2020,123,3/14/2020,584,"34,238",1.71
Virgin Islands,3/28/2020,250,3/21/2020,512,"34,238",1.5
Virgin Islands,4/4/2020,72,3/28/2020,658,"34,238",1.92
Virgin Islands,4/11/2020,6,4/4/2020,776,"35,422",2.19
Virgin Islands,4/18/2020,13,4/11/2020,"1,322","35,422",3.73
Virgin Islands,4/25/2020,103,4/18/2020,"1,468","35,422",4.14
Virgin Islands,5/2/2020,45,4/25/2020,"1,882","35,422",5.31
Virgin Islands,5/9/2020,70,5/2/2020,"2,812","35,422",7.94
Virgin Islands,5/16/2020,66,5/9/2020,"3,572","35,422",10.08
Virginia,1/4/2020,"3,188",12/28/2019,"22,171","3,722,198",0.6
Virginia,1/11/2020,"3,643",1/4/2020,"23,577","3,731,069",0.63
Virginia,1/18/2020,"2,831",1/11/2020,"22,218","3,731,069",0.6
Virginia,1/25/2020,"3,059",1/18/2020,"21,661","3,731,069",0.58
Virginia,2/1/2020,"2,575",1/25/2020,"22,263","3,731,069",0.6
Virginia,2/8/2020,"3,097",2/1/2020,"22,049","3,731,069",0.59
Virginia,2/15/2020,"2,693",2/8/2020,"22,481","3,731,069",0.6
Virginia,2/22/2020,"2,079",2/15/2020,"22,493","3,731,069",0.6
Virginia,2/29/2020,"3,267",2/22/2020,"22,203","3,731,069",0.6
Virginia,3/7/2020,"2,527",2/29/2020,"22,714","3,731,069",0.61
Virginia,3/14/2020,"2,706",3/7/2020,"21,336","3,731,069",0.57
Virginia,3/21/2020,"46,277",3/14/2020,"21,628","3,731,069",0.58
Virginia,3/28/2020,"112,497",3/21/2020,"41,827","3,731,069",1.12
Virginia,4/4/2020,"147,369",3/28/2020,"133,184","3,731,069",3.57
Virginia,4/11/2020,"104,619",4/4/2020,"236,791","3,731,069",6.35
Virginia,4/18/2020,"82,729",4/11/2020,"297,993","3,739,821",7.97
Virginia,4/25/2020,"72,488",4/18/2020,"341,295","3,739,821",9.13
Virginia,5/2/2020,"59,631",4/25/2020,"376,689","3,739,821",10.07
Virginia,5/9/2020,"52,139",5/2/2020,"392,673","3,739,821",10.5
Virginia,5/16/2020,"44,699",5/9/2020,"403,557","3,739,821",10.79
Washington,1/4/2020,"10,024",12/28/2019,"70,363","3,317,884",2.12
Washington,1/11/2020,"9,069",1/4/2020,"70,214","3,333,838",2.11
Washington,1/18/2020,"9,079",1/11/2020,"65,903","3,333,838",1.98
Washington,1/25/2020,"8,072",1/18/2020,"67,705","3,333,838",2.03
Washington,2/1/2020,"6,619",1/25/2020,"65,260","3,333,838",1.96
Washington,2/8/2020,"7,161",2/1/2020,"64,144","3,333,838",1.92
Washington,2/15/2020,"6,311",2/8/2020,"61,819","3,333,838",1.85
Washington,2/22/2020,"5,585",2/15/2020,"59,819","3,333,838",1.79
Washington,2/29/2020,"5,770",2/22/2020,"58,586","3,333,838",1.76
Washington,3/7/2020,"6,616",2/29/2020,"56,513","3,333,838",1.7
Washington,3/14/2020,"14,240",3/7/2020,"55,588","3,333,838",1.67
Washington,3/21/2020,"129,909",3/14/2020,"62,623","3,333,838",1.88
Washington,3/28/2020,"182,849",3/21/2020,"158,025","3,333,838",4.74
Washington,4/4/2020,"171,252",3/28/2020,"309,411","3,333,838",9.28
Washington,4/11/2020,"144,455",4/4/2020,"442,936","3,351,028",13.22
Washington,4/18/2020,"83,475",4/11/2020,"535,185","3,351,028",15.97
Washington,4/25/2020,"139,505",4/18/2020,"573,374","3,351,028",17.11
Washington,5/2/2020,"102,216",4/25/2020,"604,048","3,351,028",18.03
Washington,5/9/2020,"110,831",5/2/2020,"739,795","3,351,028",22.08
Washington,5/16/2020,"140,119",5/9/2020,"1,045,456","3,351,028",31.2
West Virginia,1/4/2020,"1,564",12/28/2019,"15,887","670,192",2.37
West Virginia,1/11/2020,"2,638",1/4/2020,"18,026","670,051",2.69
West Virginia,1/18/2020,"1,895",1/11/2020,"17,681","670,051",2.64
West Virginia,1/25/2020,"1,290",1/18/2020,"16,745","670,051",2.5
West Virginia,2/1/2020,"1,364",1/25/2020,"16,905","670,051",2.52
West Virginia,2/8/2020,"1,206",2/1/2020,"16,588","670,051",2.48
West Virginia,2/15/2020,"1,172",2/8/2020,"16,856","670,051",2.52
West Virginia,2/22/2020,"1,207",2/15/2020,"17,355","670,051",2.59
West Virginia,2/29/2020,"1,108",2/22/2020,"16,797","670,051",2.51
West Virginia,3/7/2020,"1,033",2/29/2020,"16,110","670,051",2.4
West Virginia,3/14/2020,865,3/7/2020,"15,394","670,051",2.3
West Virginia,3/21/2020,"3,536",3/14/2020,"14,154","670,051",2.11
West Virginia,3/28/2020,"14,523",3/21/2020,"21,145","670,051",3.16
West Virginia,4/4/2020,"14,494",3/28/2020,"36,690","670,051",5.48
West Virginia,4/11/2020,"14,944",4/4/2020,"48,597","667,871",7.28
West Virginia,4/18/2020,"46,755",4/11/2020,"96,128","667,871",14.39
West Virginia,4/25/2020,"29,818",4/18/2020,"146,566","667,871",21.95
West Virginia,5/2/2020,"13,227",4/25/2020,"110,377","667,871",16.53
West Virginia,5/9/2020,"6,045",5/2/2020,"107,405","667,871",16.08
West Virginia,5/16/2020,"5,026",5/9/2020,"98,794","667,871",14.79
Wisconsin,1/4/2020,"12,854",12/28/2019,"49,605","2,848,173",1.74
Wisconsin,1/11/2020,"8,255",1/4/2020,"53,305","2,851,929",1.87
Wisconsin,1/18/2020,"6,388",1/11/2020,"44,776","2,851,929",1.57
Wisconsin,1/25/2020,"6,134",1/18/2020,"44,077","2,851,929",1.55
Wisconsin,2/1/2020,"6,280",1/25/2020,"44,425","2,851,929",1.56
Wisconsin,2/8/2020,"6,579",2/1/2020,"44,477","2,851,929",1.56
Wisconsin,2/15/2020,"5,808",2/8/2020,"44,163","2,851,929",1.55
Wisconsin,2/22/2020,"6,098",2/15/2020,"43,996","2,851,929",1.54
Wisconsin,2/29/2020,"5,658",2/22/2020,"43,574","2,851,929",1.53
Wisconsin,3/7/2020,"5,052",2/29/2020,"42,337","2,851,929",1.48
Wisconsin,3/14/2020,"5,190",3/7/2020,"40,738","2,851,929",1.43
Wisconsin,3/21/2020,"51,031",3/14/2020,"43,607","2,851,929",1.53
Wisconsin,3/28/2020,"110,934",3/21/2020,"99,574","2,851,929",3.49
Wisconsin,4/4/2020,"104,823",3/28/2020,"208,387","2,851,929",7.31
Wisconsin,4/11/2020,"70,000",4/4/2020,"262,847","2,853,837",9.21
Wisconsin,4/18/2020,"55,883",4/11/2020,"299,532","2,853,837",10.5
Wisconsin,4/25/2020,"49,993",4/18/2020,"321,063","2,853,837",11.25
Wisconsin,5/2/2020,"37,885",4/25/2020,"314,025","2,853,837",11
Wisconsin,5/9/2020,"38,710",5/2/2020,"313,248","2,853,837",10.98
Wisconsin,5/16/2020,"31,287",5/9/2020,"308,397","2,853,837",10.81
Wyoming,1/4/2020,662,12/28/2019,"3,219","267,362",1.2
Wyoming,1/11/2020,829,1/4/2020,"3,302","268,518",1.23
Wyoming,1/18/2020,636,1/11/2020,"3,301","268,518",1.23
Wyoming,1/25/2020,531,1/18/2020,"3,354","268,518",1.25
Wyoming,2/1/2020,529,1/25/2020,"3,475","268,518",1.29
Wyoming,2/8/2020,589,2/1/2020,"3,507","268,518",1.31
Wyoming,2/15/2020,598,2/8/2020,"3,699","268,518",1.38
Wyoming,2/22/2020,389,2/15/2020,"3,611","268,518",1.34
Wyoming,2/29/2020,471,2/22/2020,"3,543","268,518",1.32
Wyoming,3/7/2020,534,2/29/2020,"3,508","268,518",1.31
Wyoming,3/14/2020,517,3/7/2020,"3,375","268,518",1.26
Wyoming,3/21/2020,"3,653",3/14/2020,"3,197","268,518",1.19
Wyoming,3/28/2020,"6,396",3/21/2020,"4,519","268,518",1.68
Wyoming,4/4/2020,"6,543",3/28/2020,"7,790","268,518",2.9
Wyoming,4/11/2020,"5,794",4/4/2020,"11,212","270,013",4.15
Wyoming,4/18/2020,"4,381",4/11/2020,"14,302","270,013",5.3
Wyoming,4/25/2020,"3,497",4/18/2020,"16,566","270,013",6.14
Wyoming,5/2/2020,"2,854",4/25/2020,"17,521","270,013",6.49
Wyoming,5/9/2020,"3,297",5/2/2020,"17,928","270,013",6.64
Wyoming,5/16/2020,"2,303",5/9/2020,"17,335","270,013",6.42
,,,,,,
Run Date: 5/28/2020,,,,,,
